Planet,b_occ_median,b_occ_std,k_nominal,k_err_lower,k_err_upper,boundary_lower_nominal,boundary_upper_nominal,prob_full_occultation_with_k_unc,prob_grazing_with_k_unc,prob_no_occultation_with_k_unc,Planet Name,has_observed_eclipse
K2-232b,0.1115256812388215,0.0867134400055675,0.08811,0.00017,0.00031,0.91189,1.08811,1.0,0.0,0.0,K2-232b,False
Qatar-10b,0.3343571828613552,0.1090614056115806,0.1265,0.001,0.001,0.8734999999999999,1.1265,0.99999,1e-05,0.0,Qatar-10b,False
WASP-60b,0.3312034496279108,0.2794474679009864,0.077522727,0.003869833,0.003869833,0.922477273,1.077522727,0.98281,0.01356,0.00363,WASP-60b,False
WASP-20b,0.7045377392133966,0.1533107931107587,0.107930349,0.001065502,0.001065502,0.892069651,1.107930349,0.89037,0.10537,0.00426,WASP-20b,False
HATS-52b,0.4487681371556684,0.1394392415596294,0.1352,0.0028,0.0028,0.8648,1.1352,0.99858,0.00142,0.0,HATS-52b,False
TOI-1820b,0.8537128917338692,0.0539918389058145,0.0777,0.0009,0.0009,0.9223,1.0777,0.89943,0.10055,2e-05,TOI-1820b,False
TOI-2202b,0.3229930513640659,0.0661725991766752,0.1265,0.0018,0.0017,0.8734999999999999,1.1265,1.0,0.0,0.0,TOI-2202b,False
TOI-4087b,0.3092567832735476,0.0871145120761956,0.107568134,0.000450877,0.000460173,0.892431866,1.107568134,1.0,0.0,0.0,TOI-4087b,False
WASP-2b,0.7314674572929513,0.1600747491094211,0.12831,0.001,0.00098,0.87169,1.12831,0.81007,0.18306,0.00687,WASP-2b,False
K2-237b,0.1772732995515725,0.104151689335261,0.119,0.0023,0.0024,0.881,1.119,1.0,0.0,0.0,K2-237b,False
KELT-20b,0.4891428187038116,0.1130625702817993,0.1144,0.00061,0.00062,0.8855999999999999,1.1144,0.9998,0.0002,0.0,KELT-20b,True
WASP-107b,0.0871188473828318,0.0661715713771825,0.146358976,0.000683252,0.000683252,0.853641024,1.146358976,1.0,0.0,0.0,WASP-107b,False
TOI-2498b,0.4332348346691205,0.2568589986586456,0.04,0.01,0.01,0.96,1.04,0.98033,0.01109,0.00858,TOI-2498b,False
WASP-197b,0.4155618600122411,0.097910979691703,0.0627,0.0007,0.0007,0.9373,1.0627,1.0,0.0,0.0,WASP-197b,False
WASP-187b,0.7353571844193858,0.1631863735768398,0.059551521,0.001679218,0.001679218,0.940448479,1.059551521,0.89497,0.08189,0.02314,WASP-187b,False
Kepler-1517b,0.8114745116774666,0.4627672478482581,0.050506,0.006259,0.001074,0.949494,1.050506,0.61722,0.08003,0.30275,Kepler-1517b,False
WASP-170b,0.6727896545588845,0.1521805318167353,0.1175,0.0041,0.0041,0.8825000000000001,1.1175,0.91604,0.08239,0.00157,WASP-170b,False
WASP-61b,0.0900254134671462,0.0778273584894166,0.089455287,0.000447151,0.000447151,0.910544713,1.089455287,1.0,0.0,0.0,WASP-61b,False
WASP-37b,0.1764451632317047,0.1410506431275638,0.11884817,0.000967621,0.001262115,0.88115183,1.11884817,1.0,0.0,0.0,WASP-37b,False
WASP-46b,0.7180616398771543,0.1513037726464445,0.14075,0.00035,0.00035,0.8592500000000001,1.14075,0.8226,0.17487,0.00253,WASP-46b,True
HD191939b,0.6125536512357914,0.0422438336958785,0.03319,0.00017,0.00032,0.96681,1.03319,1.0,0.0,0.0,HD191939b,False
TOI-4914b,1.7064790134167689,0.1134797732228014,0.118,0.002,0.002,0.882,1.1179999999999999,0.0,0.0,1.0,TOI-4914b,False
TOI-1898b,1.8448417884018595,0.445940967483873,0.0533987,0.00142105,0.00091616,0.9466013,1.0533987,0.02241,0.01612,0.96147,TOI-1898b,False
WASP-17b,0.3791617654139129,0.0770509862698367,0.130152994,0.000998825,0.000998825,0.869847006,1.130152994,1.0,0.0,0.0,WASP-17b,True
TOI-5108b,0.8523960481920493,0.1867143299558167,0.0472,0.0007,0.0007,0.9528,1.0472,0.70438,0.14713,0.14849,TOI-5108b,False
WASP-91b,0.4869392494265562,0.126290987009654,0.123076239,0.001218757,0.001218757,0.876923761,1.123076239,0.99888,0.00112,0.0,WASP-91b,False
WASP-121b,0.1478823780123013,0.0494024373435235,0.12454,0.00048,0.00047,0.87546,1.12454,1.0,0.0,0.0,WASP-121b,True
WASP-172b,0.4267376952153773,0.1776891970329038,0.084469851,0.001183854,0.001183854,0.915530149,1.084469851,0.99718,0.00269,0.00013,WASP-172b,False
HATS-51b,0.3262056424468499,0.2076743756553055,0.101,0.0038,0.0038,0.899,1.101,0.99757,0.00235,8e-05,HATS-51b,False
WASP-173Ab,0.2619945306658167,0.1964253846469284,0.1203,0.0028,0.0032,0.8797,1.1203,0.99915,0.00085,0.0,WASP-173Ab,False
Kepler-138b,0.7108759725895849,0.0465481459692906,0.010967193,0.0,0.0,0.989032807,1.010967193,1.0,0.0,0.0,Kepler-138b,False
HD118203b,0.1506322367882508,0.1228399734421189,0.05541,0.00017,0.00025,0.94459,1.05541,1.0,0.0,0.0,HD118203b,False
WASP-136b,0.5706995095842275,0.1408987078474216,0.064,0.012,0.012,0.9359999999999999,1.064,0.99519,0.0045,0.00031,WASP-136b,False
WASP-186b,0.8475472625452007,0.2318883664206054,0.078,0.017,0.017,0.922,1.078,0.62738,0.21292,0.1597,WASP-186b,False
TRAPPIST-1b,0.0893631471272272,0.0619427620668666,0.0859,0.00037,0.00037,0.9141,1.0859,1.0,0.0,0.0,TRAPPIST-1b,True
TRAPPIST-1c,0.102797497586411,0.0615913430792554,0.0844,0.00038,0.00038,0.9156,1.0844,1.0,0.0,0.0,TRAPPIST-1c,True
TRAPPIST-1d,0.0665811260818783,0.0541335063485963,0.06063,0.00052,0.00052,0.93937,1.06063,1.0,0.0,0.0,TRAPPIST-1d,False
TRAPPIST-1e,0.181735210051478,0.0589305931548371,0.07079,0.00055,0.00055,0.92921,1.07079,1.0,0.0,0.0,TRAPPIST-1e,False
TRAPPIST-1f,0.3078568131285797,0.0693562605693749,0.0804,0.00047,0.00047,0.9196,1.0804,1.0,0.0,0.0,TRAPPIST-1f,False
TRAPPIST-1g,0.3731310178217184,0.0829603996312264,0.08692,0.00053,0.00053,0.91308,1.08692,1.0,0.0,0.0,TRAPPIST-1g,False
TRAPPIST-1h,0.3696744484020857,0.0839540386940582,0.05809,0.00087,0.00087,0.94191,1.05809,1.0,0.0,0.0,TRAPPIST-1h,False
WASP-148b,0.274936780238448,0.0932663061024528,0.08498,0.0008,0.00064,0.91502,1.08498,1.0,0.0,0.0,WASP-148b,False
GJ341b,0.2845519789374578,0.3135934130701526,0.016,0.0008,0.0008,0.984,1.016,0.98721,0.00285,0.00994,GJ341b,False
TOI-5882b,0.1993920844338736,0.1425273013530387,0.0465,0.0013,0.0013,0.9535,1.0465,1.0,0.0,0.0,TOI-5882b,False
LHS1678c,0.4441295957918136,0.1235017476671139,0.0262,0.0012,0.0011,0.9738,1.0262,1.0,0.0,0.0,LHS1678c,False
Kepler-444e,0.2871537390631371,0.1864619841119762,0.00664,0.00014,0.00016,0.99336,1.00664,0.99997,1e-05,2e-05,Kepler-444e,False
WASP-62b,0.2320503072769376,0.1031306862773246,0.106745735,0.000936806,0.000936806,0.893254265,1.106745735,1.0,0.0,0.0,WASP-62b,True
WASP-89b,0.1132642017813679,0.0957364082198104,0.12144681,0.000823406,0.000823406,0.87855319,1.12144681,1.0,0.0,0.0,WASP-89b,False
XO-7b,0.7298581266858323,0.0442301030327561,0.09532,0.00093,0.00093,0.90468,1.09532,0.99993,7e-05,0.0,XO-7b,False
K2-415b,0.330238197105322,0.216432196594566,0.0472,0.0018,0.002,0.9528,1.0472,0.9982,0.00144,0.00036,K2-415b,False
HATS-13b,0.2352499677606157,0.0888201633880083,0.1402,0.0016,0.0016,0.8598,1.1402,1.0,0.0,0.0,HATS-13b,False
Qatar-7b,0.076183065829374,0.0838250275884761,0.11,0.001,0.001,0.89,1.11,1.0,0.0,0.0,Qatar-7b,False
TOI-1248b,0.5607515883654308,0.1675474161246891,0.07186602,0.00062317,0.00054582,0.92813398,1.07186602,0.98541,0.01329,0.0013,TOI-1248b,False
HAT-P-60b,0.657375179935519,0.1391561709448565,0.07622,0.00055,0.00055,0.92378,1.07622,0.97227,0.02644,0.00129,HAT-P-60b,False
HATS-3b,0.4773201758575912,0.1130709888708475,0.1011,0.0006,0.0006,0.8989,1.1011,0.9999,0.0001,0.0,HATS-3b,False
TOI-3568b,0.1757665702406024,0.2754164957228525,0.067,0.003,0.003,0.933,1.067,0.99701,0.00247,0.00052,TOI-3568b,False
HD77946b,0.4297348674175429,0.2529281202135461,0.0189,0.001,0.0011,0.9811,1.0189,0.98492,0.00463,0.01045,HD77946b,False
TOI-150.01,0.3125992407875063,0.1528620917323819,0.0826,0.0011,0.0012,0.9174,1.0826,1.0,0.0,0.0,TOI-150.01,False
WASP-72b,0.5437774391223362,0.238067332303075,0.0656,0.0031,0.0031,0.9344,1.0656,0.95023,0.0366,0.01317,WASP-72b,False
HAT-P-43b,0.176716449986728,0.1093943803983279,0.1193,0.0018,0.0018,0.8807,1.1193,1.0,0.0,0.0,HAT-P-43b,False
TOI-169b,0.9017681955974962,0.1985206267388573,0.0866,0.0031,0.0056,0.9134,1.0866,0.52375,0.29852,0.17773,TOI-169b,False
HAT-P-15b,0.2424754751067021,0.0549286570854607,0.1019,0.0009,0.0009,0.8981,1.1019,1.0,0.0,0.0,HAT-P-15b,False
Wolf327b,0.4584335459578923,0.1026390919307707,0.028,0.0007,0.0007,0.972,1.028,1.0,0.0,0.0,Wolf327b,False
TOI-700c,0.952574276332912,0.1030978931083071,0.0573,0.0018,0.002,0.9427,1.0573,0.46101,0.3843,0.15469,TOI-700c,False
TOI-3235b,0.4976228014796038,0.1137903505424155,0.2828,0.0016,0.0016,0.7172000000000001,1.2828,0.97295,0.02705,0.0,TOI-3235b,False
K2-198b,0.4788570236642948,0.1109327637694571,0.039,0.00088,0.001,0.961,1.039,0.99998,2e-05,0.0,K2-198b,False
WASP-69b,0.6684388391753151,0.1470349577493206,0.133604131,0.0,0.0,0.866395869,1.133604131,0.91137,0.08791,0.00072,WASP-69b,True
TOI-1296b,0.1373574012726424,0.1037192688863257,0.07599,0.00039,0.00046,0.92401,1.07599,1.0,0.0,0.0,TOI-1296b,False
XO-5b,0.5311684546853508,0.1252363886722375,0.1039,0.0007,0.0007,0.8961,1.1039,0.99844,0.00156,0.0,XO-5b,False
WASP-181b,0.3233663003495295,0.1606921344976511,0.126083958,0.001506932,0.001506932,0.8739160420000001,1.126083958,0.99963,0.00037,0.0,WASP-181b,False
HATS-65b,0.6470185244232713,0.1410840375973787,0.1181,0.0025,0.0025,0.8819,1.1181,0.95171,0.04783,0.00046,HATS-65b,False
TOI-1452b,0.1714822232923042,0.1346719166786449,0.055740764,0.001435215,0.001435215,0.944259236,1.055740764,1.0,0.0,0.0,TOI-1452b,False
KELT-6b,0.2217452892343177,0.1700900712373861,0.07761,0.00092,0.001,0.92239,1.07761,0.99997,3e-05,0.0,KELT-6b,False
TOI-1836b,0.4524502136620674,0.1323851081481924,0.04651,0.0004,0.00039,0.95349,1.04651,0.99989,0.00011,0.0,TOI-1836b,False
HATS-58Ab,0.6357890904795064,0.1459062218458203,0.0786,0.0025,0.0025,0.9214,1.0786,0.97446,0.02433,0.00121,HATS-58Ab,False
K2-3b,0.3094427379020843,0.1431234879274484,0.0349,0.00036,0.00041,0.9651,1.0349,1.0,0.0,0.0,K2-3b,False
HAT-P-18b,0.3488654020777245,0.0903009719427034,0.1365,0.0015,0.0015,0.8634999999999999,1.1365,1.0,0.0,0.0,HAT-P-18b,False
HD207496b,0.5204580684868395,0.3404580265917116,0.02663,0.00052,0.0009,0.97337,1.02663,0.90832,0.02305,0.06863,HD207496b,False
WASP-45b,0.8532497464461375,0.1821904057058342,0.1137,0.0022,0.0029,0.8863,1.1137,0.5707,0.35304,0.07626,WASP-45b,False
TOI-1789b,0.9451398038623686,0.2119726075199126,0.068,0.0061,0.011,0.9319999999999999,1.068,0.47593,0.24176,0.28231,TOI-1789b,False
K2-198d,0.0329747422067115,0.125050572806098,0.022,0.0005,0.00057,0.978,1.022,1.0,0.0,0.0,K2-198d,False
WASP-94Ab,0.1774636184967311,0.1078661240325295,0.10970611,0.000729221,0.000729221,0.89029389,1.10970611,1.0,0.0,0.0,WASP-94Ab,True
TOI-2193Ab,0.9729995174644318,0.2201552378532601,0.145745154,0.0,0.0,0.854254846,1.145745154,0.29304,0.48836,0.2186,TOI-2193Ab,False
Kepler-6b,0.1331421128610296,0.0375855525191566,0.09424,0.00011,0.00012,0.90576,1.09424,1.0,0.0,0.0,Kepler-6b,True
GJ367b,0.5955118872514107,0.064599716167182,0.01399,0.00028,0.00028,0.98601,1.01399,1.0,0.0,0.0,GJ367b,True
TOI-451d,0.3729505936379648,0.0946739112122671,0.04246,0.00044,0.00044,0.9575400000000001,1.04246,1.0,0.0,0.0,TOI-451d,False
WASP-93b,0.8869718819488488,0.1954455717226166,0.107685045,0.000603612,0.000603612,0.892314955,1.107685045,0.5124,0.35831,0.12929,WASP-93b,False
TOI-1899b,0.3236798258985159,0.0682237180335135,0.168,0.003,0.003,0.832,1.168,1.0,0.0,0.0,TOI-1899b,False
HATS-24b,0.3125878078879812,0.1443914880003059,0.1334,0.0019,0.0019,0.8666,1.1334,0.9999,0.0001,0.0,HATS-24b,False
EPIC211945201b,0.8250882339656485,0.1839521284872811,0.0407,0.0003,0.0003,0.9593,1.0407,0.76744,0.11186,0.1207,EPIC211945201b,False
TOI-1135b,0.0067729559138736,0.0066841055206395,0.0697,0.0002,0.0002,0.9303,1.0697,1.0,0.0,0.0,TOI-1135b,False
TOI-4137b,0.5841314758245134,0.0588756923548944,0.086540759,0.000808867,0.000808867,0.913459241,1.086540759,1.0,0.0,0.0,TOI-4137b,False
HAT-P-31b,0.3219319105195568,0.2754576366895457,0.08,0.015,0.022,0.92,1.08,0.98561,0.01144,0.00295,HAT-P-31b,False
WASP-31b,0.7482437470765408,0.1679571746726128,0.127273366,0.0,0.0,0.872726634,1.127273366,0.7698,0.21855,0.01165,WASP-31b,False
WASP-96b,0.6980425947835777,0.1596516062547345,0.117443069,0.001277215,0.001277215,0.882556931,1.117443069,0.87412,0.12174,0.00414,WASP-96b,True
TOI-481b,0.198928781213402,0.0754679747140681,0.0614,0.0002,0.0002,0.9386,1.0614,1.0,0.0,0.0,TOI-481b,False
HAT-P-57b,0.1622295710794565,0.0921602836772014,0.096652471,0.00150022,0.00150022,0.903347529,1.096652471,1.0,0.0,0.0,HAT-P-57b,False
HAT-P-37b,0.5025664393027397,0.0823309785429438,0.1378,0.003,0.003,0.8622,1.1378,1.0,0.0,0.0,HAT-P-37b,False
TOI-3976Ab,0.4864261525713678,0.1278910971043647,0.074966782,0.000867051,0.000867051,0.925033218,1.074966782,0.99977,0.00023,0.0,TOI-3976Ab,False
HAT-P-67b,0.1101866403457788,0.1228440165936507,0.0834,0.0017,0.0017,0.9166,1.0834,1.0,0.0,0.0,HAT-P-67b,False
K2-155c,0.4599986259718123,0.3962179041220983,0.0321,0.001,0.0016,0.9679,1.0321,0.89909,0.02583,0.07508,K2-155c,False
TOI-1273b,1.0102734090662755,0.1161510148040149,0.096,0.021,0.021,0.904,1.096,0.18315,0.58193,0.23492,TOI-1273b,False
TOI-1518b,0.8867897708942545,0.187229372566211,0.0988,0.0012,0.0015,0.9012,1.0988,0.5327,0.33915,0.12815,TOI-1518b,True
WASP-149b,0.5670696986369255,0.1237074837138599,0.1297,0.0009,0.0008,0.8703,1.1297,0.99312,0.00688,0.0,WASP-149b,False
TIC393818343b,0.1224868942222372,0.0977077413300679,0.10295,0.00062,0.00065,0.89705,1.10295,1.0,0.0,0.0,TIC393818343b,False
TOI-2407b,0.2698020824977754,0.1118723903084711,0.0689,0.0009,0.0008,0.9311,1.0689,1.0,0.0,0.0,TOI-2407b,False
K2-406b,0.5130273021122418,0.3024187388365758,0.0439,0.001,0.001,0.9561,1.0439,0.92939,0.0314,0.03921,K2-406b,False
TOI-5803b,0.3245187180600489,0.2810240443404206,0.0393,0.0014,0.0015,0.9607,1.0393,0.98862,0.00602,0.00536,TOI-5803b,False
HD42813b,0.248666022174507,0.208077848726829,0.03195,0.00032,0.00032,0.96805,1.03195,0.99967,0.00024,9e-05,HD42813b,False
TOI-837b,0.8949253153339309,0.1982827586431726,0.0798,0.0022,0.0032,0.9202,1.0798,0.55068,0.27504,0.17428,TOI-837b,False
LP714-47b,0.7292618683887231,0.0659266990481736,0.0751,0.0009,0.0009,0.9249,1.0751,0.99854,0.00146,0.0,LP714-47b,False
WASP-26b,0.8074900576681074,0.1904599537514556,0.101920368,0.001962316,0.001962316,0.898079632,1.101920368,0.68328,0.25582,0.0609,WASP-26b,True
WASP-74b,0.8415316063150949,0.1734322101852001,0.0984206,0.000711233,0.000711233,0.9015794,1.0984206,0.63351,0.29747,0.06902,WASP-74b,True
K2-107b,0.7770189636012015,0.1926560836849847,0.083,0.001,0.001,0.917,1.083,0.76752,0.17682,0.05566,K2-107b,False
WASP-184b,0.4225775791657103,0.1802883867853092,0.082832952,0.001810874,0.001810874,0.917167048,1.082832952,0.99688,0.00304,8e-05,WASP-184b,False
LHS1678d,0.7662587116216306,0.0744867622503863,0.0273,0.0018,0.0017,0.9727,1.0273,0.99714,0.00262,0.00024,LHS1678d,False
TOI-1685b,0.45605185634642,0.1122122472850857,0.0317,0.001,0.0009,0.9683,1.0317,0.99999,1e-05,0.0,TOI-1685b,False
HATS-10b,0.3123761458017658,0.1302522233783772,0.0903,0.0013,0.0013,0.9097,1.0903,1.0,0.0,0.0,HATS-10b,False
AUMicb,0.1388163575965392,0.1229507820513428,0.0488,0.001,0.001,0.9512,1.0488,1.0,0.0,0.0,AUMicb,False
TOI-1410.01,0.5412243516081392,0.1290620356406975,0.03761441,0.00168504,0.00238974,0.96238559,1.03761441,0.9994,0.00049,0.00011,TOI-1410.01,False
HD152843c,0.4875673223865283,0.0945143117777236,0.03764,0.00074,0.00069,0.96236,1.03764,0.99999,1e-05,0.0,HD152843c,False
LTT1445Ab,0.2752877343852671,0.2182845601006411,0.0458,0.0011,0.0012,0.9542,1.0458,0.99903,0.0008,0.00017,LTT1445Ab,True
TOI-3071b,0.5377023849318998,0.1437706363324783,0.05,0.003,0.003,0.95,1.05,0.99798,0.00189,0.00013,TOI-3071b,False
KELT-11b,0.4078809243108073,0.0177946934667808,0.0514,0.0038,0.0032,0.9486,1.0514000000000001,1.0,0.0,0.0,KELT-11b,False
TOI-178e,0.5605208233936494,0.1396817586487111,0.0311,0.0012,0.0011,0.9689,1.0311,0.99836,0.00128,0.00036,TOI-178e,False
TOI-178g,0.849958953396131,0.1817428835422257,0.0404,0.0018,0.0019,0.9596,1.0404,0.72855,0.12459,0.14686,TOI-178g,False
TOI-2207b,0.2335678613837983,0.1690213727301604,0.065376516,0.000688321,0.000749505,0.9346234840000001,1.065376516,0.99997,3e-05,0.0,TOI-2207b,False
TOI-244b,0.796466590910205,0.1912868302185942,0.0326,0.0018,0.0017,0.9674,1.0326,0.81543,0.07678,0.10779,TOI-244b,False
TOI-913b,0.3363123283656148,0.3174231853740665,0.0306,0.0013,0.0016,0.9694,1.0306,0.97687,0.00828,0.01485,TOI-913b,False
GJ357b,0.2825040732852769,0.1942392876353998,0.0309,0.001,0.001,0.9691,1.0309,0.99975,0.00015,0.0001,GJ357b,False
LHS1140b,0.2182997332144861,0.0796294551021892,0.073462007,0.000408374,0.000408374,0.926537993,1.073462007,1.0,0.0,0.0,LHS1140b,False
LHS1140c,0.0844882000840836,0.0784994300591421,0.054013681,0.000833122,0.000833122,0.945986319,1.054013681,1.0,0.0,0.0,LHS1140c,True
TOI-2969b,0.6895516845810754,0.1567736824072865,0.1613,0.0008,0.0008,0.8387,1.1613,0.83028,0.16842,0.0013,TOI-2969b,False
TOI-2989b,0.3462367006851915,0.1011118948271008,0.152,0.001,0.002,0.848,1.152,1.0,0.0,0.0,TOI-2989b,False
TOI-5300b,0.1264480308198801,0.0953056087246015,0.1389,0.001,0.0011,0.8611,1.1389,1.0,0.0,0.0,TOI-5300b,False
MASCARA-4b,0.2946398250195382,0.0814581930950258,0.0869,0.0015,0.0015,0.9131,1.0869,1.0,0.0,0.0,MASCARA-4b,False
TOI-1468b,0.4581093534234998,0.0835428630396751,0.03461,0.001,0.00092,0.96539,1.03461,1.0,0.0,0.0,TOI-1468b,True
TOI-1468c,0.6878711518892393,0.1141949072802333,0.0526,0.0017,0.0015,0.9474,1.0526,0.98855,0.01072,0.00073,TOI-1468c,False
TOI-470b,0.2294835639862839,0.2335324421828334,0.0477,0.0008,0.0008,0.9523,1.0477,0.99908,0.00068,0.00024,TOI-470b,False
TOI-4600b,0.3178575016681122,0.1789280974790458,0.0769,0.0017,0.0021,0.9231,1.0769,0.99965,0.00034,1e-05,TOI-4600b,False
LP791-18d,0.2695289912105184,0.1707993815202473,0.05192,0.0009,0.0009,0.94808,1.05192,0.99996,3e-05,1e-05,LP791-18d,False
TOI-5319b,0.2643082509678708,0.2628045553146894,0.0609,0.0035,0.0092,0.9391,1.0609,0.99471,0.00413,0.00116,TOI-5319b,False
SPECULOOS-3b,0.1149812959966408,0.0894067292765335,0.07273,0.0008,0.0008,0.92727,1.07273,1.0,0.0,0.0,SPECULOOS-3b,False
K2-260b,0.0799400578144799,0.0629675862767041,0.09617,0.00019,0.00024,0.90383,1.09617,1.0,0.0,0.0,K2-260b,False
WASP-85Ab,0.0457136431102324,0.0154679921749226,0.136284203,7.34e-05,7.34e-05,0.863715797,1.136284203,1.0,0.0,0.0,WASP-85Ab,False
WASP-157b,0.8563695122533901,0.2005307058641495,0.096509929,0.001813285,0.001813285,0.903490071,1.096509929,0.59078,0.29322,0.116,WASP-157b,False
WASP-25b,0.3565433005545423,0.1234917899542083,0.137445091,0.000727563,0.000727563,0.862554909,1.137445091,0.99998,2e-05,0.0,WASP-25b,False
TOI-3894b,0.7217502785413674,0.0716943979929114,0.09302,0.00079,0.00077,0.90698,1.09302,0.99509,0.00491,0.0,TOI-3894b,False
KELT-1b,0.2328508749726683,0.0688401082631909,0.07742,0.00056,0.00056,0.92258,1.07742,1.0,0.0,0.0,KELT-1b,True
HD28109c,0.3418856849537265,0.1048979223184593,0.02632,0.00027,0.00027,0.97368,1.02632,1.0,0.0,0.0,HD28109c,False
TOI-1478b,0.4779997520402017,0.0848736517588795,0.104,0.0015,0.0015,0.896,1.104,1.0,0.0,0.0,TOI-1478b,False
WASP-48b,0.7101256814564425,0.1615502244220953,0.097559511,0.001025015,0.001025015,0.902440489,1.097559511,0.8828,0.10916,0.00804,WASP-48b,False
WASP-12b,0.337699057154774,0.0806393940082444,0.11785,0.00054,0.00053,0.88215,1.11785,1.0,0.0,0.0,WASP-12b,True
TOI-771b,0.2162289747065168,0.1594380978866061,0.05369,0.0008,0.0008,0.94631,1.05369,0.99999,1e-05,0.0,TOI-771b,False
WASP-154b,0.2968065955070211,0.0871145383392408,0.12,0.001,0.001,0.88,1.12,1.0,0.0,0.0,WASP-154b,False
TOI-1136e,0.3463886432165085,0.113449981180779,0.02497,0.0008,0.00066,0.97503,1.02497,1.0,0.0,0.0,TOI-1136e,False
WASP-71b,0.3512518227979967,0.1842214252651949,0.066386513,0.001129748,0.001129748,0.933613487,1.066386513,0.9992,0.00075,5e-05,WASP-71b,False
LHS3844b,0.1745326030518744,0.0728419004480403,0.0635,0.0009,0.0009,0.9365,1.0635,1.0,0.0,0.0,LHS3844b,False
K2-32b,0.3443763984646581,0.137530671694526,0.05642,0.00066,0.00071,0.94358,1.05642,0.99999,1e-05,0.0,K2-32b,False
TOI-5005b,0.1159211777543643,0.1029611856756555,0.0616,0.0012,0.0012,0.9384,1.0616,1.0,0.0,0.0,TOI-5005b,False
K2-32c,0.3670652195569381,0.155499569467678,0.03342,0.00049,0.00061,0.96658,1.03342,0.99993,7e-05,0.0,K2-32c,False
HD63935b,0.4786493984232023,0.1028859642363239,0.0285,0.0004,0.0004,0.9715,1.0285,1.0,0.0,0.0,HD63935b,False
CoRoT-19b,0.2301020566135311,0.0831618970815077,0.0786,0.0004,0.0004,0.9214,1.0786,1.0,0.0,0.0,CoRoT-19b,False
HD189733b,0.6378109282442317,0.1370082981413256,0.1504,0.0039,0.0038,0.8496,1.1504,0.93918,0.06071,0.00011,HD189733b,True
KELT-17b,0.554567339305998,0.1238156259584235,0.09526,0.00085,0.00088,0.90474,1.09526,0.99777,0.00222,1e-05,KELT-17b,False
TOI-1260b,0.1830258917426804,0.1274708244409828,0.0329,0.0006,0.0006,0.9671,1.0329,1.0,0.0,0.0,TOI-1260b,False
WASP-79b,0.4911959126501551,0.10771611334169,0.10412378,0.000480198,0.000480198,0.89587622,1.10412378,0.99997,3e-05,0.0,WASP-79b,True
TOI-561c,0.1160985949909055,0.1005105121487563,0.0316,0.0004,0.0004,0.9684,1.0316,1.0,0.0,0.0,TOI-561c,False
K2-139b,0.2910655893567272,0.2461893192468381,0.0961,0.0015,0.0023,0.9039,1.0961,0.99428,0.00525,0.00047,K2-139b,False
Qatar-5b,0.1681426048637741,0.1296833001886662,0.1061,0.0013,0.0013,0.8939,1.1061,1.0,0.0,0.0,Qatar-5b,False
TOI-431b,0.3097947826053048,0.0967757887465692,0.016053211,0.0,0.0,0.983946789,1.016053211,1.0,0.0,0.0,TOI-431b,True
HATS-60b,0.4377370398628837,0.1049665284807766,0.0811,0.0033,0.0033,0.9189,1.0811,0.99999,1e-05,0.0,HATS-60b,False
WASP-55b,0.0682911866168792,0.0401462604838973,0.125389331,0.001196274,0.001196274,0.874610669,1.125389331,1.0,0.0,0.0,WASP-55b,False
WASP-33b,0.2071167805063533,0.0442211831155313,0.1118,0.0002,0.0002,0.8882,1.1118,1.0,0.0,0.0,WASP-33b,True
TOI-2152Ab,0.4318736110309568,0.1378333224378813,0.0816,0.0012,0.0012,0.9184,1.0816,0.99975,0.00024,1e-05,TOI-2152Ab,False
Qatar-6b,0.893840790039999,0.0637361883270753,0.1516,0.0046,0.0055,0.8484,1.1516,0.23711,0.76286,3e-05,Qatar-6b,False
K2-36c,0.8482225303328408,0.1791058762985906,0.04119,0.0029,0.0043,0.95881,1.04119,0.73207,0.12769,0.14024,K2-36c,False
WASP-155b,0.4170649097774928,0.096888181494919,0.0997,0.0014,0.0015,0.9003,1.0997,1.0,0.0,0.0,WASP-155b,False
HATS-25b,0.4972668772389792,0.1706745487193635,0.1171,0.0026,0.0026,0.8829,1.1171,0.98818,0.01171,0.00011,HATS-25b,False
HAT-P-9b,0.5388494363669782,0.0648643679704855,0.10696,0.00087,0.00086,0.8930400000000001,1.10696,1.0,0.0,0.0,HAT-P-9b,False
WASP-178b,0.6092525873687622,0.1361826400869125,0.11066,0.00087,0.0009,0.88934,1.11066,0.98024,0.01964,0.00012,WASP-178b,False
TOI-500b,0.5089511644754277,0.1284616566742195,0.01577,0.0007,0.00072,0.98423,1.01577,0.99989,0.0001,1e-05,TOI-500b,False
WASP-54b,0.5366880358528309,0.0717271120792284,0.0927,0.0011,0.0011,0.9073,1.0927,1.0,0.0,0.0,WASP-54b,False
GJ3470b,0.2733926608492618,0.13278651036124,0.07642,0.00037,0.00037,0.92358,1.07642,1.0,0.0,0.0,GJ3470b,True
WASP-58b,0.4498692187228658,0.2902932944381194,0.120328956,0.004155276,0.004155276,0.879671044,1.120328956,0.93074,0.05815,0.01111,WASP-58b,False
Kepler-1656b,0.4350536895351055,0.3247593042853444,0.041908,5.7e-05,6.9e-05,0.9580919999999999,1.041908,0.94716,0.02252,0.03032,Kepler-1656b,False
NGTS-12b,0.1815922124222224,0.1384071018792335,0.0678,0.0012,0.0012,0.9322,1.0678,1.0,0.0,0.0,NGTS-12b,False
TOI-277b,0.2853291922779507,0.1382750153023458,0.067112995,0.0,0.0,0.932887005,1.067112995,1.0,0.0,0.0,TOI-277b,False
TOI-6038Ab,0.1464293401142213,0.1267626442375496,0.0357,0.00036,0.00036,0.9643,1.0357,1.0,0.0,0.0,TOI-6038Ab,False
WASP-123b,0.5087842612768007,0.1302666829182424,0.105401727,0.001280814,0.001280814,0.8945982729999999,1.105401727,0.99838,0.00162,0.0,WASP-123b,False
TOI-3714b,0.260492913844175,0.1020637893124863,0.204,0.003,0.003,0.796,1.204,1.0,0.0,0.0,TOI-3714b,False
WASP-28b,0.1974887266051166,0.1116916136450015,0.11394071,0.001184827,0.001184827,0.8860592899999999,1.11394071,1.0,0.0,0.0,WASP-28b,False
K2-280b,0.1388953183795953,0.0855536724341678,0.05354,0.00056,0.00094,0.94646,1.05354,1.0,0.0,0.0,K2-280b,False
HD202772Ab,0.4238551250217822,0.077284576268549,0.06128,0.00081,0.00083,0.93872,1.06128,1.0,0.0,0.0,HD202772Ab,True
HAT-P-29b,0.3900785811462009,0.1157783165279519,0.0885,0.0011,0.0012,0.9115,1.0885,1.0,0.0,0.0,HAT-P-29b,False
TOI-1693b,0.2845702860496388,0.1111973746723887,0.028101571,0.0,0.0,0.971898429,1.028101571,1.0,0.0,0.0,TOI-1693b,False
TOI-1803c,0.7582233503346504,0.165971187756859,0.055,0.001,0.001,0.945,1.055,0.87077,0.09278,0.03645,TOI-1803c,False
WASP-92b,0.5919913731223436,0.1481867565994256,0.111958451,0.001295123,0.001295123,0.888041549,1.111958451,0.97695,0.0228,0.00025,WASP-92b,False
HAT-P-34b,0.4694878555927013,0.2027318826294514,0.0801,0.0026,0.0026,0.9198999999999999,1.0801,0.9867,0.01212,0.00118,HAT-P-34b,False
WASP-80b,0.2168017547589527,0.0229952260582564,0.17137,0.00039,0.00037,0.82863,1.17137,1.0,0.0,0.0,WASP-80b,True
LHS475b,0.6813464287027935,0.1561348750367309,0.03171,0.00061,0.00061,0.96829,1.03171,0.96773,0.02047,0.0118,LHS475b,False
TOI-4010c,0.3097050186304917,0.1203335225561752,0.065,0.001,0.001,0.935,1.065,1.0,0.0,0.0,TOI-4010c,False
HATS-33b,0.3034447505208277,0.1541136044305829,0.116,0.0015,0.0015,0.884,1.116,0.9999,0.0001,0.0,HATS-33b,False
TOI-2583Ab,0.2480999441178857,0.1360440628717971,0.089752108,0.000779926,0.000835635,0.910247892,1.0897521079999999,1.0,0.0,0.0,TOI-2583Ab,False
HD23472c,0.7885115681476017,0.0983172936990042,0.0243,0.001,0.0011,0.9757,1.0243,0.9715,0.02006,0.00844,HD23472c,False
WASP-83b,0.2035841874441271,0.1479885672411871,0.101783993,0.001964946,0.001964946,0.898216007,1.101783993,1.0,0.0,0.0,WASP-83b,False
LP791-18b,0.4556863182906954,0.6922352168913739,0.0604,0.0028,0.0028,0.9396,1.0604,0.75637,0.0504,0.19323,LP791-18b,False
K2-26b,0.4958462515498354,0.5270685136708533,0.0471,0.0022,0.0037,0.9529,1.0471,0.80573,0.04574,0.14853,K2-26b,False
KELT-21b,0.4080696902872915,0.0952923181948781,0.09952,0.00073,0.00071,0.90048,1.09952,1.0,0.0,0.0,KELT-21b,False
XO-4b,0.1514187977822456,0.0864450016226184,0.088588522,0.000677289,0.000677289,0.911411478,1.088588522,1.0,0.0,0.0,XO-4b,True
TOI-559b,0.1791524544505902,0.0852183441261211,0.09097,0.0005,0.00056,0.90903,1.09097,1.0,0.0,0.0,TOI-559b,False
WASP-169b,0.2395092014785179,0.2197060920897275,0.066634779,0.002101005,0.002101005,0.933365221,1.066634779,0.99903,0.00087,0.0001,WASP-169b,False
HAT-P-39b,0.327310950528464,0.1367972226523085,0.0993,0.0025,0.0025,0.9007000000000001,1.0993,0.99999,1e-05,0.0,HAT-P-39b,False
TOI-892b,0.4166669150968686,0.1379571210622757,0.079,0.001,0.001,0.921,1.079,0.99988,0.00012,0.0,TOI-892b,False
WASP-5b,0.3527184994188219,0.1302841691752639,0.1106,0.0006,0.0018,0.8894,1.1106,0.99999,1e-05,0.0,WASP-5b,True
TOI-1472b,0.3934474662511278,0.1651697085114062,0.04552213,0.00121019,0.00154374,0.95447787,1.04552213,0.99964,0.0003,6e-05,TOI-1472b,False
TOI-942c,0.2580427989014541,0.1998307833041031,0.048,0.002,0.002,0.952,1.048,0.99971,0.00025,4e-05,TOI-942c,False
K2-24b,0.3361654704458735,0.2822866729428441,0.0431,0.0008,0.0017,0.9569,1.0431,0.98542,0.00824,0.00634,K2-24b,False
TOI-615b,0.4608917063753124,0.117361424008439,0.10023,0.00054,0.0007,0.89977,1.10023,0.99996,4e-05,0.0,TOI-615b,False
TOI-2136b,0.4587264537208004,0.068104374809769,0.0588,0.0006,0.0006,0.9412,1.0588,1.0,0.0,0.0,TOI-2136b,False
TOI-1776b,0.484571309848007,0.1309111251267202,0.01191701,0.00072729,0.0008553,0.98808299,1.01191701,0.99993,6e-05,1e-05,TOI-1776b,False
WASP-130b,0.5061719966002349,0.1244673831505767,0.095269573,0.000734757,0.000734757,0.9047304270000001,1.095269573,0.99941,0.00059,0.0,WASP-130b,False
TOI-2427b,0.8413517048333641,0.1937852215437072,0.025387999,0.0,0.0,0.974612001,1.025387999,0.75206,0.07464,0.1733,TOI-2427b,False
L168-9b,0.706678730087426,0.2049041085778056,0.0247,0.001,0.0015,0.9753000000000001,1.0247,0.90508,0.03393,0.06099,L168-9b,False
TOI-216.01,0.1570865837649114,0.1046326214166483,0.1235,0.0014,0.0014,0.8765000000000001,1.1235,1.0,0.0,0.0,TOI-216.01,False
TOI-1807b,0.5045890077491991,0.1701302099454507,0.0182,0.0006,0.0006,0.9818,1.0182,0.99735,0.00122,0.00143,TOI-1807b,False
HATS-30b,0.4667685679678118,0.1254491256637863,0.1137,0.0017,0.0017,0.8863,1.1137,0.99963,0.00037,0.0,HATS-30b,False
TOI-4153b,0.1845803148919839,0.1011025253610375,0.0921,0.00033,0.00039,0.9079,1.0921,1.0,0.0,0.0,TOI-4153b,False
TOI-1181b,0.2054787488515103,0.1039376499284983,0.0764,0.0004,0.0004,0.9236,1.0764,1.0,0.0,0.0,TOI-1181b,False
TOI-2570b,0.3221442222932691,0.094311956268205,0.114212044,0.001138234,0.001138234,0.885787956,1.114212044,1.0,0.0,0.0,TOI-2570b,False
HATS-4b,0.2191974793652791,0.0871237244443527,0.1132,0.0029,0.0029,0.8868,1.1132,1.0,0.0,0.0,HATS-4b,False
HAT-P-62b,0.2343389826942573,0.0923026398070416,0.0942,0.0019,0.0019,0.9057999999999999,1.0942,1.0,0.0,0.0,HAT-P-62b,False
HD23472f,0.584930183160129,0.2296335198715113,0.01478,0.00077,0.00087,0.98522,1.01478,0.95914,0.00983,0.03103,HD23472f,False
TOI-257b,0.6291641529371825,0.1375287214437264,0.03521,0.00022,0.00022,0.96479,1.03521,0.99268,0.00581,0.00151,TOI-257b,False
WASP-175b,0.6187065034253131,0.1608935539671906,0.103104089,0.001745809,0.001745809,0.896895911,1.103104089,0.95843,0.04039,0.00118,WASP-175b,False
TOI-2134c,1.3007174910243355,1.13564728258422,0.09404,0.00078,0.00078,0.90596,1.09404,0.36351,0.06279,0.5737,TOI-2134c,False
WASP-158b,0.2894545262507477,0.2095451669179846,0.079105089,0.003160353,0.003160353,0.920894911,1.079105089,0.99883,0.00113,4e-05,WASP-158b,False
TOI-4994b,0.2590904195880342,0.1838877247555752,0.07424,0.00068,0.00078,0.92576,1.07424,0.99988,0.00012,0.0,TOI-4994b,False
K2-238b,0.5663584842363647,0.2197454873773387,0.08,0.002,0.003,0.92,1.08,0.94651,0.04367,0.00982,K2-238b,False
WASP-162b,0.1643018946250914,0.1216248928707675,0.092578996,0.001620238,0.001620238,0.907421004,1.092578996,1.0,0.0,0.0,WASP-162b,False
KELT-15b,0.1705081609087329,0.1735048336705938,0.1001,0.0021,0.0022,0.8999,1.1001,0.99999,1e-05,0.0,KELT-15b,False
LP791-18c,0.1306921651079151,0.0788577523953008,0.12261,0.00097,0.00097,0.87739,1.1226099999999999,1.0,0.0,0.0,LP791-18c,False
TIC46432937b,0.8129098298106882,0.1731601410165596,0.2301,0.0037,0.0037,0.7699,1.2301,0.40382,0.58866,0.00752,TIC46432937b,False
TOI-3819b,0.787020497304234,0.1731719401399342,0.078308106,0.000830055,0.000830055,0.921691894,1.078308106,0.78107,0.1724,0.04653,TOI-3819b,False
TOI-181b,0.4000698286302344,0.0859323912153786,0.0854,0.001,0.001,0.9146,1.0854,1.0,0.0,0.0,TOI-181b,False
TOI-2803Ab,0.0901449087590274,0.0823280581135148,0.13338514,0.001274505,0.001274505,0.86661486,1.1333851400000001,1.0,0.0,0.0,TOI-2803Ab,False
WASP-53b,0.5541101321454048,0.1187426047594474,0.138304666,0.0,0.0,0.861695334,1.138304666,0.99526,0.00474,0.0,WASP-53b,False
TOI-199b,0.0021349453915224,0.9859495874802846,0.101509482,0.0,0.0,0.898490518,1.101509482,0.82058,0.04731,0.13211,TOI-199b,False
HAT-P-25b,0.333819039985226,0.0774864244949167,0.1269,0.0011,0.0011,0.8731,1.1269,1.0,0.0,0.0,HAT-P-25b,False
TOI-3331Ab,0.568282458240019,0.0503661559659894,0.124999148,0.001320009,0.001320009,0.875000852,1.1249991480000001,1.0,0.0,0.0,TOI-3331Ab,False
Kepler-25c,0.8833971504200028,0.0185994416430892,0.03637,0.00012,0.00012,0.96363,1.03637,0.99999,1e-05,0.0,Kepler-25c,False
WASP-161b,0.1353227084984445,0.1251398359838587,0.0671,0.0017,0.0017,0.9329,1.0671,1.0,0.0,0.0,WASP-161b,False
TOI-1249b,0.5808110780494965,0.2411557882767873,0.03064683,0.00167871,0.00282218,0.96935317,1.03064683,0.94661,0.02245,0.03094,TOI-1249b,False
TrES-1b,-0.0002009153372008,0.0089589365735282,0.136613922,0.000333055,0.000333055,0.863386078,1.136613922,1.0,0.0,0.0,TrES-1b,True
HAT-P-24b,0.1849535635533395,0.0926806955895056,0.097,0.0012,0.0012,0.903,1.097,1.0,0.0,0.0,HAT-P-24b,False
HAT-P-50b,0.6052998726364723,0.145726856890442,0.0782,0.0012,0.0012,0.9218,1.0782,0.98498,0.01443,0.00059,HAT-P-50b,False
HAT-P-51b,0.260634858368468,0.1184307364033681,0.1278,0.002,0.002,0.8722,1.1278,1.0,0.0,0.0,HAT-P-51b,False
TOI-5800b,0.5166340651448076,0.0669680467284221,0.030712427,0.0,0.0,0.969287573,1.030712427,1.0,0.0,0.0,TOI-5800b,False
Kepler-435b,0.5326892396002221,0.0818025596706865,0.06384,0.0002,0.0002,0.93616,1.06384,1.0,0.0,0.0,Kepler-435b,False
HATS-35b,0.2470733476553188,0.1200541314283537,0.1051,0.0012,0.0012,0.8949,1.1051,1.0,0.0,0.0,HATS-35b,False
HD183579b,0.4403629139105048,0.0875725438999135,0.03326,0.00053,0.00063,0.96674,1.03326,1.0,0.0,0.0,HD183579b,False
WASP-193b,0.3073691008510946,0.1336247428037488,0.12142419,0.004529575,0.004529575,0.87857581,1.12142419,0.99997,3e-05,0.0,WASP-193b,False
K2-99b,0.2785038833247734,0.039462939262649,0.0426,0.0004,0.0004,0.9574,1.0426,1.0,0.0,0.0,K2-99b,False
HR858b,0.5705972975657063,0.1276889068752617,0.01460449,0.000219111,0.000222534,0.98539551,1.01460449,0.99943,0.00032,0.00025,HR858b,False
NGTS-8b,0.4145497044188478,0.0652668017146656,0.114,0.002,0.002,0.886,1.114,1.0,0.0,0.0,NGTS-8b,False
TOI-2459b,0.2985480468531025,0.2767308080218054,0.04,0.0009,0.0012,0.96,1.04,0.99171,0.00464,0.00365,TOI-2459b,False
WASP-35b,0.292966261745601,0.07693249068506,0.123695825,0.000404217,0.000404217,0.876304175,1.123695825,1.0,0.0,0.0,WASP-35b,False
TOI-1266c,0.747769703726407,0.1680419793768499,0.0453,0.0019,0.002,0.9547,1.0453,0.89086,0.07084,0.0383,TOI-1266c,False
WASP-76b,0.1055112862017914,0.0801724169127609,0.10873,0.00047,0.00048,0.89127,1.10873,1.0,0.0,0.0,WASP-76b,True
TOI-640b,0.8906450340926085,0.0778946256724225,0.08738,0.00086,0.00091,0.91262,1.08738,0.60905,0.38576,0.00519,TOI-640b,False
TOI-2567b,0.2559567222511686,0.1461325190894337,0.05942682,0.000572132,0.000614201,0.94057318,1.05942682,1.0,0.0,0.0,TOI-2567b,False
TOI-7041b,0.2082317079210303,0.0429604561119775,0.0256,0.0006,0.0006,0.9744,1.0256,1.0,0.0,0.0,TOI-7041b,False
WASP-14b,0.466049925682264,0.1823627351300738,0.0965,0.0027,0.0021,0.9035,1.0965,0.99132,0.00838,0.0003,WASP-14b,True
WASP-66b,0.4500824851096598,0.145365354158274,0.081743045,0.000978677,0.000978677,0.918256955,1.081743045,0.99928,0.00072,0.0,WASP-66b,False
TOI-3629b,0.2392494309604522,0.1355204194526187,0.126,0.002,0.002,0.874,1.126,1.0,0.0,0.0,TOI-3629b,False
WASP-34b,0.9870150346948756,0.0655874989160578,0.134806963,0.000964342,0.000964342,0.865193037,1.134806963,0.03122,0.9565,0.01228,WASP-34b,False
Kepler-18c,0.5628533981653165,0.136244136458192,0.04549,0.00055,0.00055,0.95451,1.04549,0.99799,0.00185,0.00016,Kepler-18c,False
K2-353b,0.729299247565163,0.2665735995637696,0.0503,0.0009,0.0011,0.9497,1.0503,0.79628,0.09022,0.1135,K2-353b,False
WASP-6b,0.2810796555639839,0.1028557499341842,0.144993926,0.000758652,0.000758652,0.8550060740000001,1.144993926,1.0,0.0,0.0,WASP-6b,True
TOI-2374b,0.6221670669937962,0.1473730715750354,0.091,0.002,0.002,0.909,1.091,0.97513,0.02413,0.00074,TOI-2374b,False
WASP-189b,0.4675483110327303,0.1018061817101529,0.07045,0.00015,0.00013,0.92955,1.07045,1.0,0.0,0.0,WASP-189b,True
HAT-P-38b,0.3525875630447289,0.1514984296286128,0.0918,0.0016,0.0016,0.9082,1.0918,0.9999,0.0001,0.0,HAT-P-38b,False
Kepler-109c,0.0155192810850632,0.2194041233484553,0.01746,0.000294,0.000341,0.98254,1.01746,1.0,0.0,0.0,Kepler-109c,False
K2-138f,0.5513439572902821,0.1005210138247645,0.03085,0.00089,0.00088,0.96915,1.03085,0.99999,1e-05,0.0,K2-138f,False
TOI-778b,0.7419607483128807,0.0593925857935923,0.0825,0.0005,0.0005,0.9175,1.0825,0.99858,0.00142,0.0,TOI-778b,False
WASP-64b,0.3048370651583457,0.0919181164404379,0.1234,0.0011,0.0011,0.8766,1.1234,1.0,0.0,0.0,WASP-64b,True
WASP-52b,0.5898827984009856,0.1274443752314406,0.165200772,0.001210648,0.001210648,0.8347992280000001,1.165200772,0.97254,0.02746,0.0,WASP-52b,False
WASP-4b,0.0468351899187838,0.0373741218151685,0.15275,0.00024,0.00014,0.8472500000000001,1.15275,1.0,0.0,0.0,WASP-4b,True
TOI-4559b,0.4191831059722379,0.4461596986388396,0.035,0.002,0.003,0.965,1.035,0.88974,0.02693,0.08333,TOI-4559b,False
HAT-P-35b,0.3559688802543591,0.1286598193686748,0.0954,0.0027,0.0027,0.9046,1.0954,0.99999,1e-05,0.0,HAT-P-35b,False
WASP-139b,0.2993587857757809,0.1613148503677273,0.102762685,0.001459674,0.001459674,0.897237315,1.102762685,0.99993,7e-05,0.0,WASP-139b,False
TOI-2714b,0.3476142025761717,0.1881203339424791,0.101,0.002,0.003,0.899,1.101,0.99818,0.0018,2e-05,TOI-2714b,False
TOI-1601b,0.1371330007536405,0.111812709361907,0.05827,0.0007,0.00071,0.94173,1.05827,1.0,0.0,0.0,TOI-1601b,False
WASP-75b,0.8616724942166785,0.1957283720371554,0.103578262,0.00144818,0.00144818,0.896421738,1.103578262,0.5688,0.32133,0.10987,WASP-75b,False
CoRoT-11b,0.8022653053503809,0.17397650629169,0.107,0.0005,0.0005,0.893,1.107,0.69889,0.26132,0.03979,CoRoT-11b,False
TOI-969b,0.4594829926854112,0.1205639812381495,0.037778258,0.00056911,0.00056911,0.962221742,1.037778258,0.99997,3e-05,0.0,TOI-969b,False
Qatar-2b,0.031349836486973,0.0545718013303222,0.16208,0.00018,0.00018,0.83792,1.16208,1.0,0.0,0.0,Qatar-2b,False
TOI-3082b,0.309517527212802,0.2961365755472405,0.0489,0.0019,0.002,0.9511000000000001,1.0489,0.98416,0.00909,0.00675,TOI-3082b,False
Kepler-102e,0.6630857591524401,0.404875646198752,0.030636,0.002572,0.000272,0.969364,1.030636,0.77601,0.04315,0.18084,Kepler-102e,False
LHS1678b,0.2049550519117643,0.1511168182896019,0.01905,0.0008,0.00087,0.98095,1.01905,1.0,0.0,0.0,LHS1678b,False
WASP-13b,0.5685661744808881,0.129683373886413,0.091511296,0.000874209,0.000874209,0.908488704,1.091511296,0.99582,0.00413,5e-05,WASP-13b,False
TOI-1107b,0.1587227048862628,0.1115830337515354,0.07379,0.0003,0.00033,0.92621,1.07379,1.0,0.0,0.0,TOI-1107b,False
TOI-2842b,0.7588343280372699,0.1716202721926051,0.093095681,0.001933495,0.001987203,0.906904319,1.093095681,0.80426,0.16998,0.02576,TOI-2842b,False
HATS-39b,0.6761662164594306,0.157547428253169,0.0993,0.0029,0.0029,0.9007000000000001,1.0993,0.92203,0.07462,0.00335,HATS-39b,False
GJ3473b,0.3170144721861814,0.1033635731289778,0.03184,0.00067,0.00069,0.96816,1.03184,1.0,0.0,0.0,GJ3473b,False
WASP-168b,0.9027521514724216,0.2245194802270951,0.137628596,0.002543076,0.005449449,0.862371404,1.1376285959999999,0.42877,0.42255,0.14868,WASP-168b,False
HD149026b,0.5486389942754429,0.1361918997144892,0.05416,0.0007,0.00091,0.94584,1.05416,0.9983,0.0016,0.0001,HD149026b,True
TOI-674b,0.606841505475891,0.1426558031720017,0.114,0.0009,0.0009,0.886,1.114,0.97536,0.02443,0.00021,TOI-674b,False
TOI-172b,0.4414975797113072,0.2574291117630603,0.05588,0.00092,0.00091,0.94412,1.05588,0.97436,0.01707,0.00857,TOI-172b,False
GJ9827d,0.8763945324190092,0.2052659675970225,0.03093,0.00059,0.00065,0.96907,1.03093,0.67223,0.09982,0.22795,GJ9827d,False
WASP-156b,0.1814253895512797,0.1667884157559703,0.0685,0.0008,0.0012,0.9315,1.0685,1.0,0.0,0.0,WASP-156b,False
HATS-72b,0.146070037415284,0.0379131887283691,0.1029,0.00034,0.00034,0.8971,1.1029,1.0,0.0,0.0,HATS-72b,False
TOI-1442b,0.3149301221865023,0.0820982446681642,0.034601386,0.0,0.0,0.965398614,1.034601386,1.0,0.0,0.0,TOI-1442b,False
HAT-P-3b,0.5050918712673917,0.1522820722000576,0.1063,0.002,0.002,0.8936999999999999,1.1063,0.99475,0.00523,2e-05,HAT-P-3b,True
TOI-2796b,0.9249625363817748,0.2156342091722682,0.14803979,0.0,0.0,0.85196021,1.14803979,0.36669,0.48273,0.15058,TOI-2796b,False
WASP-144b,0.43534252623469,0.1164423085993199,0.107837386,0.001298251,0.001298251,0.892162614,1.107837386,0.99998,2e-05,0.0,WASP-144b,False
TOI-1516b,0.0002416875414853,0.0421870903088403,0.1224,0.0005,0.0005,0.8776,1.1224,1.0,0.0,0.0,TOI-1516b,False
TOI-1859b,1.3601381316637762,0.5376538182008341,0.066,0.0005,0.0004,0.9339999999999999,1.066,0.21163,0.07867,0.7097,TOI-1859b,False
TOI-4551b,0.3237943855585758,0.1927124845562258,0.0308,0.001,0.0011,0.9692,1.0308,0.99956,0.00028,0.00016,TOI-4551b,False
WASP-124b,0.5806419081975929,0.1660923273050011,0.124927186,0.0,0.0,0.875072814,1.124927186,0.96164,0.03777,0.00059,WASP-124b,False
HAT-P-40b,0.1549844769752269,0.096620077836995,0.0807,0.0014,0.0014,0.9193,1.0807,1.0,0.0,0.0,HAT-P-40b,True
TOI-824b,0.721874170738436,0.1640302020716686,0.0387,0.0019,0.0018,0.9613,1.0387,0.92988,0.04459,0.02553,TOI-824b,False
Qatar-1b,0.6306498188462025,0.1326892275063013,0.14629,0.00064,0.00063,0.85371,1.14629,0.95307,0.04686,7e-05,Qatar-1b,True
HD260655c,0.8977396860735691,0.0474586017079386,0.032,0.001,0.001,0.968,1.032,0.93058,0.0672,0.00222,HD260655c,False
TOI-905b,0.8285425689153667,0.0643126801616391,0.131083992,0.001144304,0.001220591,0.868916008,1.131083992,0.73488,0.26512,0.0,TOI-905b,False
Gaia-1b,0.6590455724690245,0.1653824472067704,0.132663172,0.0,0.0,0.867336828,1.132663172,0.89609,0.10195,0.00196,Gaia-1b,False
TOI-1136c,0.1325087257160464,0.1085744814142876,0.02725,0.00057,0.00053,0.97275,1.02725,1.0,0.0,0.0,TOI-1136c,False
TOI-4406b,0.9495638601515424,0.0483293655151316,0.079,0.001,0.001,0.921,1.079,0.27798,0.71818,0.00384,TOI-4406b,False
TOI-1130b,-0.5284113353339763,0.0648428360446986,0.047,0.0011,0.27,0.953,1.047,1.0,0.0,0.0,TOI-1130b,False
WASP-101b,0.718143258851961,0.1576671261400578,0.112176061,0.000891456,0.000891456,0.887823939,1.112176061,0.86006,0.13387,0.00607,WASP-101b,True
NGTS-9b,0.922265471028444,0.0886244080351183,0.08,0.004,0.004,0.92,1.08,0.48978,0.47236,0.03786,NGTS-9b,False
KELT-16b,0.2935405419405097,0.1595202980132805,0.107,0.0012,0.0013,0.893,1.107,0.99996,4e-05,0.0,KELT-16b,False
TOI-2107b,0.0795793701746775,0.0674609120104788,0.1335,0.0011,0.0012,0.8665,1.1335,1.0,0.0,0.0,TOI-2107b,False
HAT-P-6b,0.5877041389330809,0.134949871554642,0.09338,0.00053,0.00053,0.90662,1.09338,0.99081,0.00912,7e-05,HAT-P-6b,True
TOI-1994b,0.5330605548973247,0.3188912431998532,0.05449,0.00084,0.0012,0.94551,1.05449,0.90108,0.04734,0.05158,TOI-1994b,False
Gaia-2b,0.7649086630731391,0.1789213133445425,0.127680705,0.0,0.0,0.872319295,1.127680705,0.72905,0.24993,0.02102,Gaia-2b,False
TOI-2015b,0.7994777935533793,0.0451156531312052,0.09278,0.0003,0.00035,0.90722,1.09278,0.99138,0.00862,0.0,TOI-2015b,False
HATS-12b,0.5549314283851859,0.1998848003365467,0.063,0.0022,0.0022,0.937,1.063,0.97245,0.02221,0.00534,HATS-12b,False
TOI-2109b,0.7366984167910957,0.1498151151355279,0.08155,0.00022,0.00022,0.91845,1.08155,0.88816,0.10144,0.0104,TOI-2109b,False
EPIC246851721b,0.6268986760527873,0.1355525658000901,0.0681,0.0026,0.0025,0.9319,1.0681,0.98762,0.01179,0.00059,EPIC246851721b,False
K2-30b,0.7360470714030365,0.0853891971945805,0.1302,0.0026,0.0026,0.8698,1.1302,0.94183,0.05817,0.0,K2-30b,False
K2-287b,0.6524372364738817,0.0474710325645382,0.08014,0.00098,0.00086,0.91986,1.08014,1.0,0.0,0.0,K2-287b,False
LTT9779b,0.8922131515773675,0.1973986268421327,0.0455,0.0017,0.0022,0.9545,1.0455,0.62325,0.15634,0.22041,LTT9779b,True
TrES-4b,0.7247084762306425,0.1640436247066236,0.10452,0.00072,0.00066,0.89548,1.10452,0.85099,0.1388,0.01021,TrES-4b,True
WASP-43b,0.6681268213342431,0.1473248864518963,0.1588,0.004,0.004,0.8412,1.1588,0.88131,0.11822,0.00047,WASP-43b,True
HD219666b,0.8273460130704609,0.0678513695826207,0.0421,0.0006,0.0006,0.9579,1.0421,0.97317,0.02596,0.00087,HD219666b,False
HAT-P-44b,0.1862705121707901,0.0808429581866224,0.1343,0.001,0.001,0.8657,1.1343,1.0,0.0,0.0,HAT-P-44b,False
Kepler-7b,0.5486169807102127,0.1182072697956434,0.08294,0.00011,0.00011,0.91706,1.08294,0.99908,0.00092,0.0,Kepler-7b,True
WASP-192b,0.8257426745495602,0.1892908206563323,0.095756138,0.003185174,0.003185174,0.904243862,1.095756138,0.66307,0.25968,0.07725,WASP-192b,False
KOI-13b,0.25351086751087,0.0038580901615035,0.087373,2.4e-05,2.3e-05,0.912627,1.087373,1.0,0.0,0.0,KOI-13b,True
TOI-1136b,0.7134028954826349,0.05333548143529,0.018,0.0017,0.0019,0.982,1.018,1.0,0.0,0.0,TOI-1136b,False
TOI-532b,0.3314896382221939,0.1101700818064636,0.0877,0.0016,0.0016,0.9123,1.0877,1.0,0.0,0.0,TOI-532b,False
HATS-70b,0.22431806596617,0.1318650984694304,0.074,0.0028,0.0028,0.926,1.074,1.0,0.0,0.0,HATS-70b,False
WASP-42b,0.4186409267995292,0.0647978744958696,0.128602201,0.001438545,0.001438545,0.871397799,1.128602201,1.0,0.0,0.0,WASP-42b,False
TOI-2236b,0.7628440018712678,0.0429334782862039,0.083751915,0.000537301,0.000549241,0.916248085,1.083751915,0.99975,0.00025,0.0,TOI-2236b,False
HD73583b,0.203512608246177,0.1671309174303156,0.03803,0.00064,0.00063,0.96197,1.03803,0.99999,1e-05,0.0,HD73583b,False
TOI-269b,0.8030590992608622,0.3672843665109804,0.0638,0.0021,0.002,0.9362,1.0638,0.64107,0.11879,0.24014,TOI-269b,False
TOI-3693b,0.1686750060008713,0.1088630648377788,0.146024346,0.001335394,0.001403875,0.853975654,1.146024346,1.0,0.0,0.0,TOI-3693b,False
TOI-139b,0.3572476929549125,0.3259007553709022,0.0321,0.0016,0.0028,0.9679,1.0321,0.96934,0.01117,0.01949,TOI-139b,False
TOI-1244b,0.4255497013716451,0.184610320921584,0.03012719,0.00098027,0.00137466,0.96987281,1.03012719,0.99837,0.00107,0.00056,TOI-1244b,False
TOI-238b,0.39913917484179,0.3174581162755791,0.02,0.001,0.001,0.98,1.02,0.96573,0.00845,0.02582,TOI-238b,False
K2-121b,0.7342536001094944,0.2153303580017615,0.108881,0.005455,0.005142,0.891119,1.108881,0.76821,0.1911,0.04069,K2-121b,False
TOI-157b,0.7873756266189678,0.1709369420984304,0.11329,0.00054,0.00056,0.88671,1.1132900000000001,0.72009,0.25175,0.02816,TOI-157b,False
HAT-P-36b,0.4068553362305183,0.0542376556621882,0.126,0.0011,0.0011,0.874,1.126,1.0,0.0,0.0,HAT-P-36b,False
HAT-P-65b,0.4392146618020544,0.138787242414956,0.1045,0.0024,0.0024,0.8955,1.1045,0.99953,0.00047,0.0,HAT-P-65b,False
TOI-1136d,0.2429756019595341,0.114365464535121,0.04379,0.00066,0.00071,0.95621,1.04379,1.0,0.0,0.0,TOI-1136d,False
KELT-10b,0.2093354826172902,0.1372037509201254,0.119,0.0012,0.0014,0.881,1.119,1.0,0.0,0.0,KELT-10b,False
WASP-129b,0.5831220861546353,0.1373708438722514,0.106188108,0.0,0.0,0.893811892,1.106188108,0.98865,0.01128,7e-05,WASP-129b,False
WASP-159b,0.1652425612185442,0.1358854668979069,0.067209718,0.001339092,0.001339092,0.932790282,1.067209718,1.0,0.0,0.0,WASP-159b,False
TOI-2818b,0.330218338944035,0.1182724668349552,0.113967079,0.00131617,0.00131617,0.886032921,1.113967079,1.0,0.0,0.0,TOI-2818b,False
K2-31b,1.020654908407515,0.2589865179946183,0.135,0.045,0.045,0.865,1.135,0.27741,0.39074,0.33185,K2-31b,False
HIP67522b,0.0256143714816161,0.2042687379697431,0.06644,0.0014,0.0015,0.93356,1.06644,1.0,0.0,0.0,HIP67522b,False
WASP-135b,0.7285817727544294,0.168518868028809,0.139157803,0.002874435,0.002874435,0.860842197,1.139157803,0.78249,0.21037,0.00714,WASP-135b,False
HATS-5b,0.1623303934110982,0.0697179843116349,0.1076,0.0004,0.0004,0.8924,1.1076,1.0,0.0,0.0,HATS-5b,False
TOI-677b,1.813766607163496,0.1115825408440911,0.09404,0.00064,0.00049,0.90596,1.09404,0.0,0.0,1.0,TOI-677b,False
TOI-6008b,0.4410624640550429,0.1278864707259803,0.03867,0.00109,0.00109,0.96133,1.03867,0.99999,0.0,1e-05,TOI-6008b,False
WASP-11b,0.0393954571190286,0.1103635835499745,0.128164697,0.000975308,0.000975308,0.871835303,1.1281646969999999,1.0,0.0,0.0,WASP-11b,False
K2-417b,0.3725439574689372,0.3994829079479792,0.0525,0.0019,0.0022,0.9475,1.0525,0.92536,0.031,0.04364,K2-417b,False
TOI-4479b,0.4312789904761255,0.3650912975579849,0.062,0.004,0.011,0.938,1.062,0.91957,0.03921,0.04122,TOI-4479b,False
HAT-P-63b,0.2420168400847122,0.0892845680323293,0.1191,0.0032,0.0032,0.8809,1.1191,1.0,0.0,0.0,HAT-P-63b,False
TOI-1180b,0.4591800633449399,0.2264270756821446,0.03748996,0.00117517,0.0019761,0.96251004,1.03748996,0.98651,0.00762,0.00587,TOI-1180b,False
Kepler-450b,0.4441457774280722,0.2652626440744249,0.035375,0.000702,0.001694,0.964625,1.035375,0.97571,0.0118,0.01249,Kepler-450b,False
TOI-125b,0.2201282221221805,0.1290075098038326,0.0295,0.0007,0.0007,0.9705,1.0295,1.0,0.0,0.0,TOI-125b,False
WASP-50b,0.6858456249469228,0.0662308251042554,0.1404,0.0013,0.0013,0.8596,1.1404,0.99572,0.00428,0.0,WASP-50b,False
HD209458b,0.497816685116438,0.1081693691321989,0.120033725,0.0001,0.0001,0.879966275,1.120033725,0.99985,0.00015,0.0,HD209458b,True
HD110067f,0.3223464741450885,0.0842060436593568,0.03026,0.00039,0.00039,0.96974,1.03026,1.0,0.0,0.0,HD110067f,False
TOI-163b,0.3480214231038981,0.0941947775564474,0.09082,0.0015,0.0016,0.90918,1.09082,1.0,0.0,0.0,TOI-163b,False
WASP-153b,0.5898118920030455,0.1520412689483579,0.092,0.001,0.001,0.908,1.092,0.98231,0.01723,0.00046,WASP-153b,False
HAT-P-46b,0.7065714675442442,0.268223699762832,0.0942,0.0017,0.0017,0.9057999999999999,1.0942,0.77155,0.15291,0.07554,HAT-P-46b,False
HATS-64b,0.2967863155486729,0.1160395201494979,0.0817,0.0024,0.0024,0.9183,1.0817,1.0,0.0,0.0,HATS-64b,False
WASP-10b,0.5528845483965334,0.1028209169374417,0.169724177,0.002945956,0.002945956,0.830275823,1.169724177,0.99666,0.00334,0.0,WASP-10b,True
WASP-160Bb,0.187182739210141,0.1248599767610579,0.129,0.0015,0.0017,0.871,1.129,1.0,0.0,0.0,WASP-160Bb,False
Qatar-4b,0.2755109750954273,0.2068459813767137,0.1379,0.003,0.003,0.8621,1.1379,0.99764,0.00233,3e-05,Qatar-4b,False
TOI-2000c,0.6080463705212267,0.0580760356379975,0.06581,0.00068,0.00068,0.93419,1.06581,1.0,0.0,0.0,TOI-2000c,False
TOI-1260d,0.5217132206318013,0.1277959271842426,0.0425,0.0009,0.0009,0.9575,1.0425,0.99966,0.00028,6e-05,TOI-1260d,False
L98-59b,0.5925512320872707,0.2158270409970838,0.02512,0.00064,0.00072,0.97488,1.02512,0.96221,0.015,0.02279,L98-59b,False
LTT1445Ac,0.935468161949936,0.2148347508245042,0.0396,0.0017,0.0018,0.9604,1.0396,0.54482,0.14157,0.31361,LTT1445Ac,False
HATS-55b,0.648938637196355,0.144657333684421,0.1141,0.002,0.002,0.8859,1.1141,0.94879,0.0505,0.00071,HATS-55b,False
WASP-105b,0.0860663714804683,0.0633344978942173,0.109613531,0.000456148,0.000456148,0.890386469,1.109613531,1.0,0.0,0.0,WASP-105b,False
XO-2Nb,0.158655465901239,0.1651685363489514,0.105112767,0.0,0.0,0.894887233,1.105112767,1.0,0.0,0.0,XO-2Nb,True
TOI-954b,0.5080793759346155,0.15925759600625,0.0462,0.0023,0.0019,0.9538,1.0462,0.99753,0.0021,0.00037,TOI-954b,False
Qatar-8b,0.0840175829961372,0.0937810237208433,0.1005,0.0008,0.0008,0.8995,1.1005,1.0,0.0,0.0,Qatar-8b,False
TOI-125c,0.530398096530136,0.1118185268762603,0.02985,0.00099,0.00099,0.97015,1.02985,0.99999,1e-05,0.0,TOI-125c,False
TOI-178d,0.4661911276999702,0.1185853683369367,0.03623,0.00091,0.00087,0.96377,1.03623,1.0,0.0,0.0,TOI-178d,False
KELT-24b,0.0607444121233601,0.0577355231842432,0.087024,9.3e-05,0.00012,0.912976,1.087024,1.0,0.0,0.0,KELT-24b,False
TOI-2076d,0.7681682260016263,0.1649526441636764,0.038,0.0006,0.0006,0.962,1.038,0.88305,0.06715,0.0498,TOI-2076d,False
TOI-1937Ab,0.8458649900028623,0.176077798646088,0.118652841,0.006742359,0.006742359,0.881347159,1.118652841,0.58007,0.35836,0.06157,TOI-1937Ab,False
WASP-116b,0.069409939441419,0.0318572128118874,0.0881,0.0004,0.0004,0.9119,1.0881,1.0,0.0,0.0,WASP-116b,False
GJ9827b,0.4570557913797809,0.1611699865589117,0.0242,0.00047,0.0004,0.9758,1.0242,0.99918,0.00063,0.00019,GJ9827b,False
TOI-406c,0.7268413079664844,0.1220782610870887,0.0297,0.0017,0.0016,0.9703,1.0297,0.97632,0.01684,0.00684,TOI-406c,False
HATS-27b,0.3258490347759872,0.1851108869377759,0.0895,0.0043,0.0043,0.9105,1.0895,0.9992,0.0008,0.0,HATS-27b,False
TOI-858Bb,0.3884794549633181,0.1056935412880343,0.098598754,0.000811369,0.000709948,0.901401246,1.098598754,1.0,0.0,0.0,TOI-858Bb,False
HAT-P-2b,0.3587845984214478,0.1099461240798853,0.07227,0.00061,0.00061,0.9277299999999999,1.07227,1.0,0.0,0.0,HAT-P-2b,True
K2-129b,0.4550325935410744,0.3059484092728134,0.026595,0.000866,0.001226,0.973405,1.026595,0.95589,0.0135,0.03061,K2-129b,False
WASP-167b,0.746704621505052,0.1743508143330639,0.090706728,0.000551227,0.000551227,0.909293272,1.090706728,0.82477,0.15118,0.02405,WASP-167b,False
HAT-P-22b,0.4612286517093192,0.0835242728572805,0.1065,0.0017,0.0017,0.8935,1.1065,1.0,0.0,0.0,HAT-P-22b,False
TOI-3785b,0.6385986021577328,0.0587908299980484,0.0962,0.0017,0.0017,0.9038,1.0962,1.0,0.0,0.0,TOI-3785b,False
WASP-90b,0.8159931662626005,0.1880287590957167,0.084597564,0.001182067,0.001182067,0.915402436,1.084597564,0.70157,0.22095,0.07748,WASP-90b,False
TOI-5126b,0.223899023805143,0.1338928808808769,0.03498,0.0006,0.00065,0.96502,1.03498,1.0,0.0,0.0,TOI-5126b,False
K2-33b,0.145824430938014,0.1519226676429703,0.0432,0.0007,0.0009,0.9568,1.0432,1.0,0.0,0.0,K2-33b,False
KELT-7b,0.5788260903768397,0.1318518182895212,0.09097,0.00064,0.00065,0.90903,1.09097,0.99415,0.00579,6e-05,KELT-7b,True
TOI-2120b,0.7225595037744276,0.1833414731496867,0.0796,0.0014,0.0014,0.9204,1.0796000000000001,0.85909,0.11579,0.02512,TOI-2120b,False
TOI-2005b,0.5266521153756165,0.3980791696652884,0.05107,0.00045,0.00037,0.94893,1.05107,0.85398,0.05116,0.09486,TOI-2005b,False
WASP-44b,0.5137685734865846,0.1513583359714418,0.1248,0.0023,0.0023,0.8752,1.1248,0.99118,0.00878,4e-05,WASP-44b,False
HD3167b,0.1592086047478586,0.1321786368782911,0.01712,0.00059,0.00086,0.98288,1.01712,1.0,0.0,0.0,HD3167b,False
TOI-421c,0.9457211383419336,0.0756492427462409,0.0542,0.001,0.0011,0.9458,1.0542,0.49891,0.42591,0.07518,TOI-421c,False
TOI-2328b,0.7280385888918037,0.0573395557333107,0.102,0.001,0.001,0.898,1.102,0.99864,0.00136,0.0,TOI-2328b,False
WASP-113b,0.457772858932652,0.1591012872245313,0.090045164,0.001554775,0.001554775,0.909954836,1.090045164,0.99771,0.00227,2e-05,WASP-113b,False
TOI-1798.01,0.2584227579587898,0.179120136360529,0.02764088,0.00100062,0.00130898,0.97235912,1.02764088,0.99997,3e-05,0.0,TOI-1798.01,False
TOI-2977b,0.0869582063376438,0.0819508689889467,0.112435594,0.001467507,0.001511977,0.887564406,1.112435594,1.0,0.0,0.0,TOI-2977b,False
K2-34b,0.8350046034339832,0.185359000552113,0.0905,0.0017,0.0017,0.9095,1.0905,0.65395,0.26106,0.08499,K2-34b,False
TOI-451c,0.1279823475244195,0.1122944865678959,0.03237,0.0007,0.00065,0.96763,1.03237,1.0,0.0,0.0,TOI-451c,False
V1298Taub,0.3241336648860961,0.1885089489520984,0.0713,0.002,0.0021,0.9287,1.0713,0.99919,0.0008,1e-05,V1298Taub,False
WASP-81b,0.1414175428490681,0.1060820654732714,0.114456646,0.0,0.0,0.885543354,1.114456646,1.0,0.0,0.0,WASP-81b,False
TOI-3493b,0.1594656684176191,0.1361544785424683,0.024039577,0.0,0.0,0.975960423,1.024039577,1.0,0.0,0.0,TOI-3493b,False
TOI-1411b,0.2428475561338839,0.0842263977438552,0.0179008,0.00044961,0.0005017,0.9820992,1.0179008,1.0,0.0,0.0,TOI-1411b,False
TrES-5b,0.5961437682309872,0.1329999236266012,0.143,0.0012,0.0012,0.857,1.143,0.97511,0.02488,1e-05,TrES-5b,False
HD101581c,0.681304767648711,0.1645273620852142,0.0144,0.0008,0.0007,0.9856,1.0144,0.96769,0.01098,0.02133,HD101581c,False
TOI-1064c,0.7750354148771221,0.0537812647328592,0.03347,0.00041,0.00042,0.96653,1.0334699999999999,0.99981,0.00019,0.0,TOI-1064c,False
G9-40b,0.4958845668468222,0.1220010036740317,0.0575,0.00075,0.00075,0.9425,1.0575,0.9999,0.0001,0.0,G9-40b,False
HAT-P-28b,0.2881784050757321,0.1328921927241423,0.113,0.0024,0.0024,0.887,1.113,0.99998,2e-05,0.0,HAT-P-28b,False
HATS-29b,0.4805811163857049,0.124625335362099,0.1201,0.0027,0.0027,0.8799,1.1201,0.99912,0.00088,0.0,HATS-29b,False
TOI-2443b,0.1235024328079064,0.0779444569978783,0.03436,0.00062,0.00062,0.96564,1.03436,1.0,0.0,0.0,TOI-2443b,False
HIP116454b,0.504376378767316,0.2594270789576653,0.02981,0.00061,0.00079,0.97019,1.02981,0.96341,0.0149,0.02169,HIP116454b,False
WASP-106b,0.39795769697967,0.1109989207004322,0.07559,0.00087,0.00072,0.92441,1.07559,1.0,0.0,0.0,WASP-106b,False
TOI-216.02,0.9108916690927096,0.0624548522643576,0.0833,0.0082,0.0168,0.9167,1.0833,0.53618,0.46044,0.00338,TOI-216.02,False
TOI-1470b,0.5704930699532407,0.1230195707463324,0.0426,0.0007,0.0008,0.9574,1.0426,0.99923,0.00072,5e-05,TOI-1470b,False
HD109833b,0.6300062518283716,0.2964779796578111,0.0265,0.0012,0.0014,0.9735,1.0265,0.87734,0.03257,0.09009,HD109833b,False
WASP-133b,0.2562483255604812,0.1063586437595462,0.086349201,0.0,0.0,0.913650799,1.086349201,1.0,0.0,0.0,WASP-133b,False
WASP-88b,0.2178444029903999,0.169913240790084,0.084,0.002,0.002,0.916,1.084,1.0,0.0,0.0,WASP-88b,False
TOI-1184b,0.6463920167246859,0.2071341216311467,0.03168869,0.00161821,0.00093321,0.96831131,1.03168869,0.93921,0.02906,0.03173,TOI-1184b,False
TOI-270c,0.2890813869135087,0.1063099995641765,0.05701,0.00071,0.00071,0.94299,1.05701,1.0,0.0,0.0,TOI-270c,False
HAT-P-52b,0.428623648697279,0.1625753596848393,0.1161,0.0027,0.0027,0.8839,1.1161,0.99765,0.00234,1e-05,HAT-P-52b,False
Kepler-63b,0.4805128729124613,0.2683914414716244,0.059248,0.00212,0.012162,0.940752,1.059248,0.95509,0.02918,0.01573,Kepler-63b,False
WASP-7b,0.0586600063933145,0.114439541323776,0.076358384,0.001309614,0.001309614,0.923641616,1.076358384,1.0,0.0,0.0,WASP-7b,False
HD108236d,0.3546092536693271,0.2038181354708578,0.02805,0.00095,0.00095,0.97195,1.02805,0.9989,0.00065,0.00045,HD108236d,False
HIP67522c,0.2673996618043558,0.3957046845393692,0.0528,0.0024,0.0023,0.9472,1.0528,0.95727,0.01994,0.02279,HIP67522c,False
piMenc,0.5824086715136038,0.1251700684393704,0.01703,0.00023,0.00025,0.98297,1.01703,0.99927,0.00043,0.0003,piMenc,False
KELT-8b,0.762384405501251,0.109101954864721,0.1145,0.0026,0.0026,0.8855,1.1145,0.86841,0.13106,0.00053,KELT-8b,False
TOI-4145Ab,0.7859948172796143,0.1691001402615383,0.142001522,0.001267592,0.001338014,0.8579984780000001,1.142001522,0.66522,0.31725,0.01753,TOI-4145Ab,False
L98-59c,0.5687195321953658,0.0889771961100701,0.04088,0.00056,0.00068,0.95912,1.04088,0.99999,1e-05,0.0,L98-59c,False
GJ806b,0.2755117632235647,0.0925230074873948,0.0294,0.0004,0.0004,0.9706,1.0294,1.0,0.0,0.0,GJ806b,False
TOI-1811b,0.7688418830312189,0.050776540476935,0.13272,0.00071,0.00072,0.86728,1.13272,0.97417,0.02583,0.0,TOI-1811b,False
TOI-1775b,0.1598784599203339,0.1819739275749556,0.08902024,0.00093194,0.00099274,0.91097976,1.08902024,0.99998,2e-05,0.0,TOI-1775b,False
HAT-P-26b,0.3156028287540819,0.1620989637485914,0.0737,0.0012,0.0012,0.9263,1.0737,0.99993,7e-05,0.0,HAT-P-26b,False
WASP-8b,0.3173384224565203,0.0374729766976673,0.113,0.0013,0.0015,0.887,1.113,1.0,0.0,0.0,WASP-8b,True
TOI-620b,0.7332441262507486,0.1314520658940638,0.0627,0.0017,0.0017,0.9373,1.0627,0.93964,0.05418,0.00618,TOI-620b,False
TOI-5143c,0.9629694313171604,0.2099447652217106,0.175,0.01,0.025,0.825,1.175,0.2575,0.5849,0.1576,TOI-5143c,False
HD106315c,0.6641879166417148,0.242848826859644,0.03086,0.001,0.001,0.96914,1.03086,0.89491,0.03894,0.06615,HD106315c,False
GJ1214b,0.2681616468050548,0.0234805292960795,0.11589,0.00016,0.00016,0.88411,1.11589,1.0,0.0,0.0,GJ1214b,True
HATS-40b,0.312137093774723,0.1646385787768456,0.0716,0.0034,0.0034,0.9284,1.0716,0.99992,8e-05,0.0,HATS-40b,False
WASP-138b,0.1858674835315207,0.1432917747306446,0.08236127,0.000789206,0.000789206,0.91763873,1.08236127,1.0,0.0,0.0,WASP-138b,False
WASP-56b,0.2677780267351808,0.0670158747336432,0.10095,0.00205,0.00201,0.89905,1.10095,1.0,0.0,0.0,WASP-56b,False
TOI-1130c,-0.9477847022880522,0.0569928797493242,0.175,0.016,0.018,0.825,1.175,1.0,0.0,0.0,TOI-1130c,False
HAT-P-42b,0.5465368627029893,0.1925764237668425,0.086,0.0033,0.0033,0.914,1.086,0.97188,0.02568,0.00244,HAT-P-42b,False
HAT-P-20b,0.6166602954208182,0.0615847430610293,0.155,0.01,0.01,0.845,1.155,0.99978,0.00022,0.0,HAT-P-20b,False
HATS-22b,0.5691550351371515,0.067946324878946,0.1426,0.0025,0.0025,0.8573999999999999,1.1426,0.99997,3e-05,0.0,HATS-22b,False
TOI-3364b,0.2022483431859769,0.1326158376048289,0.079009224,0.001392242,0.00151881,0.920990776,1.079009224,1.0,0.0,0.0,TOI-3364b,False
TOI-1416b,0.3644308970563867,0.1584417780616544,0.01873,0.00054,0.00054,0.98127,1.01873,0.99997,1e-05,2e-05,TOI-1416b,False
NGTS-2b,0.1899544341401678,0.1567439608616253,0.09619,0.00088,0.00114,0.90381,1.09619,1.0,0.0,0.0,NGTS-2b,False
TOI-1294b,0.825414160704047,0.1977044499434915,0.05962695,0.00081016,0.00080107,0.94037305,1.05962695,0.71767,0.16359,0.11874,TOI-1294b,False
K2-39b,0.5180948657461946,0.277094661223377,0.01925,0.00076,0.00099,0.98075,1.01925,0.95233,0.01228,0.03539,K2-39b,False
K2-329b,0.3664518607824721,0.0490412482000008,0.09679,0.00057,0.00056,0.90321,1.09679,1.0,0.0,0.0,K2-329b,False
CoRoT-2b,0.2245457527342402,0.0227790560089816,0.166280459,0.000360836,0.000360836,0.833719541,1.166280459,1.0,0.0,0.0,CoRoT-2b,True
HAT-P-5b,0.4060502508526793,0.1066780611139883,0.1106,0.0006,0.0006,0.8894,1.1106,1.0,0.0,0.0,HAT-P-5b,False
WASP-15b,0.5084807122791329,0.1209921505094747,0.09842,0.00058,0.00067,0.90158,1.09842,0.99929,0.00071,0.0,WASP-15b,False
HAT-P-12b,0.1905062316854887,0.0921217163099566,0.1406,0.0013,0.0013,0.8593999999999999,1.1406,1.0,0.0,0.0,HAT-P-12b,True
MASCARA-1b,0.1115249217315371,0.0123856975762772,0.07884,0.00021,0.00022,0.92116,1.07884,1.0,0.0,0.0,MASCARA-1b,True
HD110082b,0.6188093394584131,0.3399636376213447,0.025,0.001,0.001,0.975,1.025,0.85322,0.03095,0.11583,HD110082b,False
TOI-270b,0.1955199340008523,0.1192505664596621,0.0292,0.00069,0.00069,0.9708,1.0292,1.0,0.0,0.0,TOI-270b,False
HATS-1b,0.6962383715358493,0.1826708536809868,0.1288,0.002,0.002,0.8712,1.1288,0.8305,0.16116,0.00834,HATS-1b,False
HAT-P-21b,0.3691816936686554,0.099545421822842,0.095,0.0022,0.0022,0.905,1.095,1.0,0.0,0.0,HAT-P-21b,False
LHS1478b,0.7019696761974198,0.1503717356961539,0.0462,0.001,0.0011,0.9538,1.0462,0.95314,0.03671,0.01015,LHS1478b,False
TOI-2445b,0.2598381898640923,0.0733265844549606,0.042443927,0.0,0.0,0.957556073,1.042443927,1.0,0.0,0.0,TOI-2445b,False
TOI-4641b,0.773941718490741,0.1667359961700849,0.042,0.0009,0.0009,0.958,1.042,0.86426,0.08145,0.05429,TOI-4641b,False
WASP-23b,0.2755171310432604,0.1269243549340935,0.129225756,0.000425612,0.00038692,0.870774244,1.129225756,1.0,0.0,0.0,WASP-23b,False
WASP-102b,0.0961089922485102,0.0583156910834387,0.0997,0.0004,0.0004,0.9003,1.0997,1.0,0.0,0.0,WASP-102b,False
WASP-21b,0.5074848619793472,0.1177073036830271,0.1028,0.00132,0.00132,0.8972,1.1028,0.99957,0.00043,0.0,WASP-21b,False
WASP-16b,0.7657644956919856,0.1793493846247174,0.109974102,0.002045936,0.002045936,0.890025898,1.109974102,0.75723,0.21544,0.02733,WASP-16b,False
WASP-29b,0.2593389643792056,0.148611592285142,0.100161098,0.001996783,0.001996783,0.8998389019999999,1.100161098,0.99999,1e-05,0.0,WASP-29b,True
WASP-36b,0.6802096917123646,0.150662709183681,0.13677,0.00056,0.00056,0.8632299999999999,1.13677,0.88857,0.11004,0.00139,WASP-36b,True
HAT-P-17b,0.2483158050232258,0.0460102053088642,0.1238,0.001,0.001,0.8762,1.1238,1.0,0.0,0.0,HAT-P-17b,False
HAT-P-58b,0.5197098162907717,0.1208905730941039,0.0895,0.0017,0.0017,0.9105,1.0895,0.99928,0.00071,1e-05,HAT-P-58b,False
TOI-1450Ab,0.7239029540899116,0.1626943035453255,0.021448683,0.0,0.0,0.978551317,1.021448683,0.94091,0.02478,0.03431,TOI-1450Ab,False
HD191939c,0.6227648492676602,0.0539606592489737,0.03118,0.00034,0.00027,0.96882,1.03118,1.0,0.0,0.0,HD191939c,False
DSTucAb,0.1564758898840155,0.1355013136637254,0.05419,0.00024,0.00024,0.94581,1.05419,1.0,0.0,0.0,DSTucAb,False
TOI-942b,0.2267160720311422,0.1691846405516187,0.0425,0.002,0.002,0.9575,1.0425,0.99999,1e-05,0.0,TOI-942b,False
GJ9827c,0.4433500903656515,0.1686772169027198,0.01899,0.00037,0.00034,0.98101,1.01899,0.99923,0.00042,0.00035,GJ9827c,False
TOI-904b,0.6249903116593294,0.4912662466153745,0.039,0.001,0.001,0.961,1.039,0.75427,0.04648,0.19925,TOI-904b,False
WASP-41b,0.0951729080057082,0.0554188373552578,0.13619151,0.00036713,0.00036713,0.86380849,1.13619151,1.0,0.0,0.0,WASP-41b,False
WASP-78b,0.4839769504087037,0.1256009084930036,0.090081332,0.001110108,0.001110108,0.909918668,1.090081332,0.99963,0.00037,0.0,WASP-78b,True
WASP-49b,0.754327316865555,0.1647385229298902,0.118602791,0.000716678,0.000716678,0.881397209,1.118602791,0.77826,0.20859,0.01315,WASP-49b,False
HAT-P-8b,0.2549237845082688,0.1661405158534504,0.0953,0.0009,0.0009,0.9047000000000001,1.0953,0.99998,2e-05,0.0,HAT-P-8b,True
TOI-776c,0.3685380176560602,0.1685981378622094,0.0344,0.0008,0.0009,0.9656,1.0344,0.99981,0.00016,3e-05,TOI-776c,False
GJ436b,0.7131596248781669,0.0139404462860411,0.082661852,0.0,0.0,0.917338148,1.082661852,1.0,0.0,0.0,GJ436b,True
HAT-P-11b,0.2268594435246271,0.0161280995171392,0.058993,7e-05,6.5e-05,0.941007,1.058993,1.0,0.0,0.0,HAT-P-11b,True
HD97658b,0.2224062561948545,0.1667311242121054,0.0306,0.0014,0.0014,0.9694,1.0306,0.99998,1e-05,1e-05,HD97658b,False
K2-18b,0.5585741037653292,0.6768312749818703,0.05375,0.00012,0.00012,0.94625,1.05375,0.71582,0.05035,0.23383,K2-18b,False
WASP-57b,0.3339816738225636,0.0792103086897111,0.11265,0.00062,0.00062,0.88735,1.11265,1.0,0.0,0.0,WASP-57b,False
HAT-P-49b,0.3187040018766237,0.1632761270041508,0.0792,0.0019,0.0019,0.9208,1.0792,0.99985,0.00015,0.0,HAT-P-49b,False
WASP-73b,0.2383772649239146,0.2102689857637715,0.057,0.003,0.003,0.943,1.057,0.9997,0.00028,2e-05,WASP-73b,False
WASP-95b,0.1662545904530335,0.1890529628899791,0.102762685,0.001459674,0.001459674,0.897237315,1.102762685,0.99995,5e-05,0.0,WASP-95b,False
WASP-98b,0.6751644094428445,0.1473821008730828,0.15824,0.00081,0.00081,0.8417600000000001,1.15824,0.87153,0.12796,0.00051,WASP-98b,False
HAT-P-45b,0.2839108279719532,0.1226844418722507,0.111,0.0021,0.0021,0.889,1.111,1.0,0.0,0.0,HAT-P-45b,False
WASP-117b,0.1839639184379285,0.0658963742281699,0.089675813,0.002676307,0.003066602,0.9103241870000001,1.089675813,1.0,0.0,0.0,WASP-117b,False
WASP-70Ab,0.4108229657232157,0.1663157741097621,0.09844919,0.001320478,0.001117328,0.90155081,1.09844919,0.99856,0.00143,1e-05,WASP-70Ab,False
HAT-P-27b,0.8369092922772421,0.1812857761959961,0.12,0.007,0.009,0.88,1.12,0.59472,0.34556,0.05972,HAT-P-27b,False
NGTS-11b,0.81121455798751,0.2776030906939408,0.101,0.0037,0.003,0.899,1.101,0.62137,0.23013,0.1485,NGTS-11b,False
WASP-77Ab,0.0997576805251654,0.0791327221537142,0.13354,0.0007,0.00074,0.86646,1.13354,1.0,0.0,0.0,WASP-77Ab,True
TOI-421b,1.1286162413409797,0.1432185282759978,0.0285,0.0018,0.0019,0.9715,1.0285,0.13509,0.10637,0.75854,TOI-421b,False
WASP-22b,0.1217413723328035,0.0783870626960741,0.101853281,0.001963609,0.001963609,0.898146719,1.101853281,1.0,0.0,0.0,WASP-22b,False
WASP-126b,0.2546711952549308,0.2014440434702754,0.07767888,0.0,0.0,0.92232112,1.0776788800000001,0.99947,0.00051,2e-05,WASP-126b,False
HATS-26b,0.2990044171579208,0.1777833155661158,0.0879,0.0055,0.0055,0.9121,1.0879,0.99974,0.00026,0.0,HATS-26b,False
WASP-119b,0.5111427909117245,0.2485898240863241,0.119889799,0.0,0.0,0.880110201,1.119889799,0.931,0.06145,0.00755,WASP-119b,False
HAT-P-66b,0.3114081665353473,0.1715285823337178,0.0872,0.0024,0.0024,0.9128000000000001,1.0872,0.99982,0.00018,0.0,HAT-P-66b,False
WASP-132b,0.1803691087769825,0.0417266858457972,0.12219,0.00052,0.0005,0.87781,1.12219,1.0,0.0,0.0,WASP-132b,False
WASP-142b,0.7529487257216366,0.1688652737310507,0.095870066,0.001356002,0.001356002,0.904129934,1.095870066,0.81556,0.16314,0.0213,WASP-142b,False
XO-6b,0.6152746043154974,0.132047288528612,0.11,0.006,0.006,0.89,1.11,0.98091,0.01903,6e-05,XO-6b,False
TOI-5799b,0.4173356672303173,0.4758235299500753,0.045,0.003,0.005,0.955,1.045,0.86988,0.03548,0.09464,TOI-5799b,False
TOI-6478b,0.174422717398067,0.0707262007763901,0.18027,0.00088,0.00088,0.81973,1.18027,1.0,0.0,0.0,TOI-6478b,False
TOI-561b,0.0803473257326431,0.0833061598446511,0.01507,0.00043,0.00043,0.98493,1.01507,1.0,0.0,0.0,TOI-561b,False
HAT-P-69b,0.3442531018245934,0.109798849124793,0.08703,0.0008,0.00075,0.9129700000000001,1.08703,1.0,0.0,0.0,HAT-P-69b,False
TOI-6628b,0.3594078573028321,0.0345530722359295,0.1,0.001,0.001,0.9,1.1,1.0,0.0,0.0,TOI-6628b,False
HAT-P-68b,0.1977332096536209,0.0764190343605678,0.1644,0.0015,0.0015,0.8356,1.1644,1.0,0.0,0.0,HAT-P-68b,False
WASP-24b,0.6363176359569147,0.1428245636147279,0.099867962,0.000600793,0.000600793,0.900132038,1.099867962,0.96771,0.03183,0.00046,WASP-24b,True
HATS-7b,0.3517330780600549,0.1610254594987301,0.0711,0.0019,0.0019,0.9289000000000001,1.0711,0.99987,0.00013,0.0,HATS-7b,False
HATS-42b,0.4392836386197033,0.2165331345774871,0.0976,0.004,0.004,0.9024,1.0976,0.98391,0.015,0.00109,HATS-42b,False
WASP-145Ab,0.9879299034094094,0.294186602668231,0.136009436,0.00955816,0.00955816,0.863990564,1.136009436,0.33812,0.35372,0.30816,WASP-145Ab,False
WASP-165b,0.4840235360285445,0.2456769158259949,0.0738,0.0041,0.0044,0.9262,1.0738,0.96297,0.02837,0.00866,WASP-165b,False
HATS-61b,0.4924021697925296,0.1137556908061189,0.0738,0.004,0.004,0.9262,1.0738,0.99995,5e-05,0.0,HATS-61b,False
WASP-183b,0.8649998035720864,0.2497270912197301,0.173434153,0.010378579,0.017297631,0.826565847,1.173434153,0.43523,0.45671,0.10806,WASP-183b,False
L98-59d,0.9039329620825644,0.0807736520499499,0.0448,0.001,0.00106,0.9552,1.0448,0.73741,0.22107,0.04152,L98-59d,False
TOI-270d,0.1878202885688134,0.1149603337182708,0.05163,0.00069,0.00069,0.94837,1.05163,1.0,0.0,0.0,TOI-270d,False
HAT-P-70b,-0.5811493948836957,0.175556661234501,0.09887,0.00095,0.00133,0.90113,1.09887,1.0,0.0,0.0,HAT-P-70b,True
HATS-56b,0.678158523717993,0.1429644470444511,0.0789,0.0018,0.0018,0.9211,1.0789,0.95551,0.04196,0.00253,HATS-56b,False
WASP-171b,0.1831661616102914,0.1733712033122333,0.061519506,0.001462951,0.001462951,0.938480494,1.061519506,0.99999,1e-05,0.0,WASP-171b,False
HD28109d,0.3222687249152064,0.1170793858738703,0.01999,0.00037,0.00035,0.98001,1.01999,1.0,0.0,0.0,HD28109d,False
WASP-164b,0.806995293271217,0.1746785579151389,0.1242,0.0013,0.0013,0.8758,1.1242,0.65196,0.31357,0.03447,WASP-164b,False
HAT-P-59b,0.8133355484129755,0.1791871029041911,0.10452,0.00096,0.00096,0.89548,1.10452,0.67503,0.27324,0.05173,HAT-P-59b,False
TOI-122b,0.659135752905325,0.2657342623254509,0.075,0.003,0.003,0.925,1.075,0.84234,0.09978,0.05788,TOI-122b,False
HD235088b,0.4111144217072716,0.1050445466999225,0.02375,0.00057,0.00057,0.97625,1.02375,1.0,0.0,0.0,HD235088b,False
LTT3780c,0.7698467861157663,0.0634686480453575,0.0579,0.0011,0.0012,0.9421,1.0579,0.99671,0.00328,1e-05,LTT3780c,False
WASP-180Ab,0.2811934696886522,0.0635688618480235,0.107080445,0.000933877,0.000933877,0.892919555,1.107080445,1.0,0.0,0.0,WASP-180Ab,False
WASP-176b,0.3201723428215473,0.1422576777856453,0.080341736,0.001244683,0.001244683,0.919658264,1.080341736,1.0,0.0,0.0,WASP-176b,False
TOI-1728b,0.3938736084690363,0.1171568488921148,0.074,0.002,0.002,0.926,1.074,0.99999,1e-05,0.0,TOI-1728b,False
TOI-1266b,0.5443538931925099,0.0569725354721113,0.0545,0.0007,0.0007,0.9455,1.0545,1.0,0.0,0.0,TOI-1266b,False
NGTS-13b,0.1414039854748493,0.1312768712190206,0.06563478,0.003047165,0.003047165,0.93436522,1.06563478,1.0,0.0,0.0,NGTS-13b,False
WASP-163b,0.4238335561418935,0.1303375367743176,0.119,0.003,0.003,0.881,1.119,0.99985,0.00015,0.0,WASP-163b,False
HATS-31b,0.440632716579567,0.2194998902444678,0.0908,0.0049,0.0049,0.9092,1.0908,0.98297,0.01537,0.00166,HATS-31b,False
WASP-3b,0.5152812198535729,0.0257988969291274,0.105785117,0.002363281,0.002363281,0.894214883,1.105785117,1.0,0.0,0.0,WASP-3b,True
HATS-37Ab,0.1277048415335208,0.0997221056647528,0.0707,0.0018,0.0018,0.9293,1.0707,1.0,0.0,0.0,HATS-37Ab,False
Kepler-1658b,0.929641609684236,0.0552405263996474,0.0369,0.0007,0.0008,0.9631,1.0369,0.72721,0.24684,0.02595,Kepler-1658b,True
TOI-628b,0.2026095087154007,0.1214178403890524,0.08108,0.00071,0.00075,0.91892,1.08108,1.0,0.0,0.0,TOI-628b,False
WASP-131b,0.7183034632430708,0.1567365310089812,0.080709194,0.0003779,0.0003779,0.919290806,1.080709194,0.90156,0.08858,0.00986,WASP-131b,True
WASP-188b,0.5983707371347656,0.1275621811254531,0.0742,0.0005,0.0005,0.9258,1.0742,0.9948,0.00507,0.00013,WASP-188b,False
TOI-540b,0.74530689247529,0.1800516723718922,0.0436,0.0012,0.0012,0.9564,1.0436,0.87901,0.07411,0.04688,TOI-540b,False
GJ1252b,0.4144995087004647,0.2917523811161239,0.0277,0.0011,0.0011,0.9723,1.0277,0.9719,0.00997,0.01813,GJ1252b,False
K2-24c,0.4088782124502717,0.1933069341646994,0.06147,0.00122,0.00122,0.93853,1.06147,0.99713,0.00262,0.00025,K2-24c,False
K2-52b,0.290846556896097,0.1861695846885104,0.075,0.001,0.001,0.925,1.075,0.9997,0.0003,0.0,K2-52b,False
K2-32d,0.4794472248897494,0.0883728025797073,0.03704,0.00054,0.00062,0.96296,1.03704,1.0,0.0,0.0,K2-32d,False
K2-289b,0.5804014591113561,0.1295208781159125,0.081,0.001,0.001,0.919,1.081,0.99549,0.00446,5e-05,K2-289b,False
K2-55b,0.3280830032693421,0.1983936508875779,0.056128,0.000978,0.001592,0.943872,1.056128,0.99888,0.00101,0.00011,K2-55b,False
TOI-672b,0.3947893972194864,0.1965417383745492,0.0885,0.0017,0.0014,0.9115,1.0885,0.99571,0.00407,0.00022,TOI-672b,False
KELT-3b,0.5784517119120199,0.1450909794558613,0.0939,0.0011,0.0011,0.9061,1.0939,0.98829,0.01157,0.00014,KELT-3b,True
TOI-2134b,0.217045810477459,0.161342525049989,0.03475,0.00038,0.00038,0.9652499999999999,1.03475,1.0,0.0,0.0,TOI-2134b,False
HATS-38b,0.4642273237674884,0.1036820613350236,0.057,0.0012,0.0012,0.943,1.057,1.0,0.0,0.0,HATS-38b,False
TOI-1759b,0.4552090557603999,0.3292552342449089,0.049,0.003,0.003,0.951,1.049,0.9326,0.03175,0.03565,TOI-1759b,False
HAT-P-4b,0.0063020704153297,0.1170649804488857,0.082,0.00044,0.00044,0.918,1.082,1.0,0.0,0.0,HAT-P-4b,True
WASP-87b,0.5890077268993997,0.1355905089559209,0.087477762,0.000743046,0.000743046,0.912522238,1.087477762,0.99134,0.00853,0.00013,WASP-87b,True
KPS-1b,0.7228685107333909,0.183843781381098,0.1143,0.0034,0.0037,0.8857,1.1143,0.81118,0.17174,0.01708,KPS-1b,False
K2-79b,0.6400040709745581,0.1804326314521834,0.02968,0.00022,0.00028,0.97032,1.02968,0.96712,0.01764,0.01524,K2-79b,False
KELT-23Ab,0.5564183888811631,0.1287293011882982,0.1365,0.001,0.001,0.8634999999999999,1.1365,0.99133,0.00867,0.0,KELT-23Ab,False
TOI-2421b,0.4110759512521352,0.1215717210971813,0.054317419,0.000690386,0.000653566,0.945682581,1.054317419,1.0,0.0,0.0,TOI-2421b,False
WASP-140b,0.931645255185666,0.1078872878527125,0.170089961,0.00146981,0.005879242,0.829910039,1.170089961,0.1733,0.81283,0.01387,WASP-140b,False
TOI-1333b,0.5403546204014937,0.126922818206168,0.0745,0.0015,0.0014,0.9255,1.0745,0.99885,0.00113,2e-05,TOI-1333b,False
Wolf503b,1.4190969750437408,0.2283741824996312,0.02791,0.00049,0.00049,0.97209,1.02791,0.0257,0.01842,0.95588,Wolf503b,False
HAT-P-30b,0.812173982696792,0.0618620163438517,0.1134,0.002,0.002,0.8866,1.1134,0.88551,0.11449,0.0,HAT-P-30b,True
TOI-6695b,-0.6321396874177008,0.0376685849908643,0.057579619,0.0,0.0,0.942420381,1.057579619,1.0,0.0,0.0,TOI-6695b,False
WASP-104b,0.7061623784399321,0.158198134461801,0.121330398,0.000824196,0.000824196,0.878669602,1.121330398,0.86167,0.13385,0.00448,WASP-104b,True
K2-370b,0.8773004313905072,0.4858307496399701,0.0302,0.005,0.001,0.9698,1.0302,0.57853,0.04739,0.37408,K2-370b,False
K2-87b,0.5524858963474524,0.1317860257398951,0.05,0.001,0.001,0.95,1.05,0.99873,0.00118,9e-05,K2-87b,False
KELT-9b,0.1718713138000794,0.0391862740081,0.08228,0.00043,0.00043,0.91772,1.08228,1.0,0.0,0.0,KELT-9b,True
TOI-2154b,0.9370222977287812,0.129643851638869,0.10693,0.0009,0.00095,0.89307,1.10693,0.36629,0.53925,0.09446,TOI-2154b,False
HD2685b,0.0996383574423017,0.0569233221568887,0.09467,0.00028,0.00033,0.90533,1.09467,1.0,0.0,0.0,HD2685b,False
TOI-4463Ab,0.8612107806203939,0.1893448052035811,0.114471051,0.002358675,0.003974804,0.885528949,1.114471051,0.55002,0.35774,0.09224,TOI-4463Ab,False
WASP-18b,0.3951266645824578,0.1111878336914189,0.1018,0.0011,0.0011,0.8982,1.1018,0.99999,1e-05,0.0,WASP-18b,True
HATS-57b,0.2747178534625634,0.0801348199715033,0.1218,0.0023,0.0023,0.8782,1.1218,1.0,0.0,0.0,HATS-57b,False
WASP-182b,0.8442400504158221,0.2558879517974884,0.065185285,0.001303975,0.001303975,0.934814715,1.065185285,0.63647,0.16979,0.19374,WASP-182b,False
TOI-776b,0.1673128846989925,0.1406932291784291,0.0316,0.0011,0.0008,0.9684,1.0316,1.0,0.0,0.0,TOI-776b,False
K2-174b,0.0215702196754784,0.021137443914301,0.036,0.001,0.001,0.964,1.036,1.0,0.0,0.0,K2-174b,False
TOI-5027b,0.4320667497073414,0.0356512130394395,0.106,0.004,0.005,0.894,1.106,1.0,0.0,0.0,TOI-5027b,False
TrES-2b,0.8298078556296454,0.0531400776837166,0.1278,0.0018,0.0029,0.8722,1.1278,0.78727,0.21273,0.0,TrES-2b,True
K2-29b,0.4512822624827054,0.1417339355682444,0.1373,0.0026,0.0024,0.8627,1.1373,0.99831,0.00169,0.0,K2-29b,False
K2-266d,0.3098387748258002,0.1650172070674577,0.03827,0.00057,0.00071,0.96173,1.03827,1.0,0.0,0.0,K2-266d,False
TOI-1231b,0.2686960723776459,0.1814867407736859,0.0701,0.0017,0.0019,0.9299,1.0701,0.99983,0.00016,1e-05,TOI-1231b,False
TOI-2076c,0.0650229573464763,0.0518831654656783,0.04069,0.00042,0.00042,0.95931,1.04069,1.0,0.0,0.0,TOI-2076c,False
TOI-1201b,0.3836678534974221,0.1192584515988382,0.04383,0.0011,0.00096,0.95617,1.04383,1.0,0.0,0.0,TOI-1201b,False
TOI-1431b,0.8841323080872312,0.0143804278628967,0.07955,0.00053,0.00063,0.92045,1.07955,0.9942,0.0058,0.0,TOI-1431b,True
KOI-7368b,0.7929858545016144,0.4178574966089772,0.043666,0.006895,0.035718,0.956334,1.043666,0.64863,0.07453,0.27684,KOI-7368b,False
TOI-5398c,0.3069602556851544,0.1236289400039232,0.0308,0.0012,0.0011,0.9692,1.0308,1.0,0.0,0.0,TOI-5398c,False
HD110113b,0.3155431608828343,0.2400603407817906,0.018,0.001,0.001,0.982,1.018,0.99741,0.00088,0.00171,HD110113b,False
K2-405b,0.798214624419358,0.3669666318321299,0.0548,0.004,0.001,0.9452,1.0548,0.65458,0.10221,0.24321,K2-405b,False
TOI-1268b,0.3699623875899304,0.0890491439988941,0.091,0.001,0.001,0.909,1.091,1.0,0.0,0.0,TOI-1268b,False
TOI-1298b,0.1653730599347632,0.1245997664827295,0.06119,0.00053,0.00053,0.93881,1.06119,1.0,0.0,0.0,TOI-1298b,False
TOI-1842b,1.2946425660108063,0.1408451653659803,0.05571407,0.00074307,0.00074632,0.94428593,1.05571407,0.00647,0.03852,0.95501,TOI-1842b,False
TOI-833b,0.2938858524171627,0.0857306232173774,0.019405365,0.0,0.0,0.980594635,1.019405365,1.0,0.0,0.0,TOI-833b,False
GJ3929b,0.4472061830498405,0.101414063169903,0.0156,0.0003,0.0003,0.9844,1.0156,1.0,0.0,0.0,GJ3929b,False
TOI-1670c,0.8711129269153719,0.0167906778473201,0.07616,0.00044,0.00044,0.92384,1.07616,0.9991,0.0009,0.0,TOI-1670c,False
TOI-1246b,0.4718738290351506,0.1372016253597159,0.031,0.001,0.001,0.969,1.031,0.99983,0.00016,1e-05,TOI-1246b,False
TOI-2046b,0.5060322990110079,0.1351149068955102,0.1213,0.0021,0.0017,0.8787,1.1213,0.99711,0.00289,0.0,TOI-2046b,False
TOI-1422b,0.1877738638761712,0.1077769016737938,0.0356,0.0005,0.0007,0.9644,1.0356,1.0,0.0,0.0,TOI-1422b,False
HD93963Ac,0.620296500713201,0.1371527450796822,0.02838,0.00045,0.00045,0.97162,1.02838,0.99499,0.00354,0.00147,HD93963Ac,False
TOI-260b,0.6484932564998247,0.1744771223085236,0.0258,0.0001,0.0011,0.9742,1.0258,0.96966,0.01569,0.01465,TOI-260b,False
HD15906c,0.8447625443539187,0.0217548567985886,0.035,0.001,0.001,0.965,1.035,1.0,0.0,0.0,HD15906c,False
TOI-622b,0.5896076451729285,0.1845460572719084,0.05989,0.00052,0.00049,0.94011,1.05989,0.97118,0.02359,0.00523,TOI-622b,False
TOI-663b,0.1659054803167779,0.1301730638568878,0.0407,0.0012,0.0012,0.9593,1.0407,1.0,0.0,0.0,TOI-663b,False
TOI-815b,0.2657673055768521,0.0886138498098363,0.0349,0.0004,0.0004,0.9651,1.0349,1.0,0.0,0.0,TOI-815b,False
TOI-836b,0.5812633966655658,0.1108366401244436,0.0235,0.0013,0.0013,0.9765,1.0235,0.99982,0.00014,4e-05,TOI-836b,False
TOI-1634b,0.2113689582049278,0.148157706521066,0.0364,0.0013,0.0013,0.9636,1.0364,1.0,0.0,0.0,TOI-1634b,False
HATS-9b,0.2489272929059805,0.1628786671740117,0.0725,0.0041,0.0041,0.9275,1.0725,0.99999,1e-05,0.0,HATS-9b,False
TOI-1199b,0.870291258985685,0.0799894349302922,0.0663,0.0012,0.0012,0.9337,1.0663,0.78763,0.20483,0.00754,TOI-1199b,False
TOI-1288b,0.2639749800143995,0.1833246367021547,0.0476,0.0005,0.0005,0.9524,1.0476,0.99988,0.00011,1e-05,TOI-1288b,False
HIP9618b,0.1496154955444952,0.2806890960903664,0.0364,0.0005,0.0005,0.9636,1.0364,0.99824,0.00108,0.00068,HIP9618b,False
TOI-1691b,0.2296515722874579,0.2367703589530877,0.0323933,0.00052735,0.00077167,0.9676067,1.0323933,0.999,0.00066,0.00034,TOI-1691b,False
TOI-1694b,0.297173670851543,0.2163907190240458,0.061,0.0013,0.0017,0.9390000000000001,1.061,0.9984,0.00134,0.00026,TOI-1694b,False
TOI-1803b,0.3221964065104165,0.1796179910234566,0.038,0.001,0.001,0.962,1.038,0.99981,0.00014,5e-05,TOI-1803b,False
HD110067d,0.4744029787701727,0.1058832024872793,0.0332,0.0003,0.0003,0.9668,1.0332,1.0,0.0,0.0,HD110067d,False
TOI-2025b,0.4213527121846947,0.2902394989641388,0.07469,0.00044,0.00052,0.92531,1.07469,0.95808,0.03005,0.01187,TOI-2025b,False
TOI-2145b,0.34262524523035,0.2260061551431847,0.03996,0.0004,0.00044,0.96004,1.03996,0.9968,0.00205,0.00115,TOI-2145b,False
TOI-2338b,0.1710603435701077,0.0215449456209801,0.098,0.0008,0.0008,0.902,1.098,1.0,0.0,0.0,TOI-2338b,False
WASP-118b,0.1414078802056162,0.1101113640481316,0.087251336,0.001088809,0.001088809,0.912748664,1.087251336,1.0,0.0,0.0,WASP-118b,False
K2-140b,0.4056297042800763,0.0895289003850605,0.117,0.001,0.001,0.883,1.117,1.0,0.0,0.0,K2-140b,False
BD-143065b,1.0105984937471462,0.0360984846569548,0.0843,0.0022,0.0023,0.9157,1.0843,0.00437,0.9751,0.02053,BD-143065b,True
TOI-1272b,0.7709922964187027,0.1185153715326987,0.04774732,0.00165059,0.00254108,0.95225268,1.04774732,0.93709,0.05309,0.00982,TOI-1272b,False
TOI-201b,1.2359779775014823,0.1578071044491334,0.0789,0.0013,0.0013,0.9211,1.0789,0.02312,0.13572,0.84116,TOI-201b,False
KELT-2Ab,0.151671254470564,0.1356507008742411,0.071880635,0.001738994,0.001738994,0.928119365,1.071880635,1.0,0.0,0.0,KELT-2Ab,True
TOI-3023b,0.1077366848424224,0.1026731385573307,0.090317804,0.000664321,0.000664321,0.909682196,1.0903178040000001,1.0,0.0,0.0,TOI-3023b,False
TOI-3321b,0.4228670840354522,0.1329412724119787,0.0921,0.0015,0.0015,0.9079,1.0921,0.99989,0.00011,0.0,TOI-3321b,False
TOI-3807b,0.9485086797734028,0.2155559867956996,0.115503018,0.0,0.0,0.884496982,1.115503018,0.38479,0.39757,0.21764,TOI-3807b,False
TOI-2497b,0.2947526766888191,0.1597872734669243,0.04333,0.00051,0.00058,0.95667,1.04333,0.99996,4e-05,0.0,TOI-2497b,False
TOI-2524b,0.1290179948554813,0.1016701022940925,0.092,0.001,0.001,0.908,1.092,1.0,0.0,0.0,TOI-2524b,False
TOI-2587Ab,0.6976945926013429,0.1673924034332332,0.064122487,0.001013685,0.001013685,0.935877513,1.0641224870000001,0.92286,0.0627,0.01444,TOI-2587Ab,False
TOI-3919b,0.5134242968877958,0.0489269889137644,0.0856,0.0017,0.0017,0.9144,1.0856,1.0,0.0,0.0,TOI-3919b,False
TOI-4010b,0.1961148393361272,0.1212816989963556,0.033,0.001,0.001,0.967,1.033,1.0,0.0,0.0,TOI-4010b,False
TOI-4438b,0.3159181864276822,0.1477408775126563,0.062,0.001,0.001,0.938,1.062,0.99999,0.0,1e-05,TOI-4438b,False
TOI-4791b,0.6345199124685561,0.1441508612024221,0.080955699,0.002779298,0.002779298,0.919044301,1.080955699,0.97529,0.02384,0.00087,TOI-4791b,False
TOI-5232b,0.2011350024628938,0.1424309694108976,0.0656,0.0014,0.0014,0.9344,1.0656,1.0,0.0,0.0,TOI-5232b,False
TOI-5398b,0.2935586977286261,0.107692465595952,0.0899,0.0006,0.0007,0.9101,1.0899,1.0,0.0,0.0,TOI-5398b,False
TOI-5678b,0.1578738899237095,0.1048712561683211,0.048,0.0007,0.0007,0.952,1.048,1.0,0.0,0.0,TOI-5678b,False
TOI-5786b,0.3219174406595896,0.1454149889467684,0.0576,0.0008,0.0009,0.9424,1.0576,0.99999,1e-05,0.0,TOI-5786b,False
HD108236e,0.384293963906578,0.2238147698314005,0.0323,0.0011,0.0012,0.9677,1.0323,0.99575,0.00271,0.00154,HD108236e,False
GJ486b,0.1214002222287868,0.0822506493047699,0.037244,5.6e-05,5.9e-05,0.962756,1.037244,1.0,0.0,0.0,GJ486b,True
IRAS04125+2902b,0.3029961429253512,0.2836859221876259,0.0679,0.0025,0.0028,0.9321,1.0679,0.98666,0.00975,0.00359,IRAS04125+2902b,False
TOI-1386b,0.2003787386195685,0.143206393815014,0.054671773,0.000759075,0.000823094,0.945328227,1.054671773,1.0,0.0,0.0,TOI-1386b,False
TOI-6255b,0.8102798425961334,0.1871237428271538,0.0267,0.0014,0.0014,0.9733,1.0267,0.80921,0.0667,0.12409,TOI-6255b,False
HAT-P-64b,0.2149720747091025,0.0937136053200847,0.1007,0.0034,0.0034,0.8993,1.1007,1.0,0.0,0.0,HAT-P-64b,False
TOI-1246d,0.2923519097192606,0.1393236766648365,0.036,0.001,0.001,0.964,1.036,1.0,0.0,0.0,TOI-1246d,False
CoRoT-36b,0.6510883214260585,0.1491070480366026,0.095325912,0.000576968,0.000576968,0.904674088,1.095325912,0.95538,0.04319,0.00143,CoRoT-36b,False
TOI-444b,0.2046918326722487,0.2022031059491287,0.0325,0.0007,0.0007,0.9675,1.0325,0.9999,8e-05,2e-05,TOI-444b,False
TOI-663c,0.2051657021407146,0.1287654263377218,0.0404,0.0013,0.0013,0.9596,1.0404,1.0,0.0,0.0,TOI-663c,False
TOI-712b,0.7238387353217315,0.428502446827993,0.02772,0.00076,0.0018,0.97228,1.02772,0.71883,0.04221,0.23896,TOI-712b,False
TOI-1136f,0.4165900541260304,0.1325641915761295,0.03671,0.00098,0.00099,0.96329,1.03671,0.99999,1e-05,0.0,TOI-1136f,False
TOI-1173b,0.7731990992965613,0.0327202389110355,0.09,0.0013,0.0015,0.91,1.09,0.99999,1e-05,0.0,TOI-1173b,False
WASP-47b,0.1673383220858157,0.0289980409681344,0.10193,0.00018,0.00018,0.89807,1.10193,1.0,0.0,0.0,WASP-47b,False
Kepler-105b,0.4929265307318714,0.4754711005955955,0.028,0.006,0.001,0.972,1.028,0.84243,0.02685,0.13072,Kepler-105b,False
TOI-1470c,0.4408869901439863,0.0962912947582375,0.0481,0.0004,0.0004,0.9519,1.0481,1.0,0.0,0.0,TOI-1470c,False
TOI-1723b,0.3195133730400341,0.2071178853595342,0.02780521,0.00093008,0.00106476,0.97219479,1.02780521,0.99921,0.00053,0.00026,TOI-1723b,False
K2-333b,0.2312101112332262,0.2003293881602737,0.0461,0.0005,0.001,0.9539,1.0461,0.99982,0.00017,1e-05,K2-333b,False
KELT-14b,0.8028066380037463,0.1874508595560229,0.1143,0.0026,0.0029,0.8857,1.1143,0.66878,0.28245,0.04877,KELT-14b,False
HD110067c,0.140484747750955,0.0833835639966747,0.0278,0.0003,0.0003,0.9722,1.0278,1.0,0.0,0.0,HD110067c,False
TOI-4336Ab,0.4275083520221568,0.1215146888415755,0.059255865,0.001054748,0.001063186,0.940744135,1.059255865,0.99998,2e-05,0.0,TOI-4336Ab,False
HD191939d,0.4357462408944729,0.0574798819829012,0.02916,0.00021,0.00034,0.97084,1.02916,1.0,0.0,0.0,HD191939d,False
HD219134b,0.9069166623041672,0.0615842562211865,0.01892494,0.001003966,0.001003966,0.98107506,1.01892494,0.88425,0.08168,0.03407,HD219134b,False
TOI-2364b,0.2018967671897161,0.128330480349847,0.089076458,0.000841973,0.000898105,0.910923542,1.089076458,1.0,0.0,0.0,TOI-2364b,False
TOI-2368b,0.8662010245317476,0.0805391526455144,0.11742,0.0007,0.00069,0.88258,1.11742,0.579,0.42014,0.00086,TOI-2368b,False
TOI-2981b,0.3159845422074388,0.1289839263823642,0.114,0.001,0.001,0.886,1.114,0.99999,1e-05,0.0,TOI-2981b,False
NGTS-24b,0.7869583093859152,0.1929259807902526,0.0768,0.0023,0.0028,0.9232,1.0768,0.76058,0.17274,0.06668,NGTS-24b,False
TOI-5076b,0.0960226359613635,0.093833560113829,0.03793,0.00055,0.00055,0.96207,1.03793,1.0,0.0,0.0,TOI-5076b,False
NGTS-33b,0.7199069982691021,0.158452448415013,0.1146,0.0004,0.0004,0.8854,1.1146,0.85249,0.14139,0.00612,NGTS-33b,False
TOI-1224b,0.2479903847974306,0.2291880512425829,0.0478,0.0012,0.0013,0.9522,1.0478,0.99903,0.00082,0.00015,TOI-1224b,False
HD221416b,0.5987496956656562,0.0589909839746403,0.02854,0.00071,0.00084,0.97146,1.02854,1.0,0.0,0.0,HD221416b,False
K2-19b,0.358277684268274,0.1215999062332753,0.07451,0.00045,0.0014,0.92549,1.07451,1.0,0.0,0.0,K2-19b,False
Kepler-91b,0.8534454969238362,0.0940567292189357,0.02255,0.00031,0.00031,0.97745,1.02255,0.90502,0.05914,0.03584,Kepler-91b,False
TOI-2018b,0.5255963375592976,0.1394178932422762,0.0335,0.001,0.001,0.9665,1.0335,0.99921,0.00069,0.0001,TOI-2018b,False
HAT-P-54b,0.7249138897283846,0.1596720013582461,0.1572,0.002,0.002,0.8428,1.1572,0.77265,0.22391,0.00344,HAT-P-54b,False
TOI-1801b,0.2427273146286376,0.1925976651822639,0.034,0.001,0.001,0.966,1.034,0.99993,7e-05,0.0,TOI-1801b,False
HD89345b,0.5242764980108126,0.1156108402756512,0.0384,0.0012,0.0012,0.9616,1.0384,0.99997,3e-05,0.0,HD89345b,False
HD260655b,0.6708940809892259,0.0436165446584968,0.02586,0.00046,0.00046,0.97414,1.02586,1.0,0.0,0.0,HD260655b,False
55Cnce,0.1595760761269053,0.1145752158199013,0.0202,0.0016,0.0015,0.9798,1.0202,1.0,0.0,0.0,55Cnce,True
HD86226c,0.6171702230168478,0.052961977002899,0.018805892,0.0,0.0,0.981194108,1.018805892,1.0,0.0,0.0,HD86226c,False
Kepler-18d,0.7403935734296859,0.1628895724224866,0.05782,0.00069,0.00069,0.94218,1.05782,0.89281,0.0822,0.02499,Kepler-18d,False
KELT-4Ab,0.6760131834940568,0.1457838012643635,0.10893,0.00054,0.00054,0.89107,1.10893,0.92972,0.06873,0.00155,KELT-4Ab,False
XO-3b,0.6286649527180336,0.0722750975661487,0.090822213,0.000550526,0.000550526,0.909177787,1.090822213,0.99998,2e-05,0.0,XO-3b,True
HAT-P-13b,0.6691595073371794,0.0670232121957069,0.0844,0.0013,0.0013,0.9156,1.0844,0.99985,0.00015,0.0,HAT-P-13b,True
WASP-19b,0.6711748427283584,0.0247087654149317,0.1441,0.0005,0.00049,0.8559,1.1441,1.0,0.0,0.0,WASP-19b,True
HAT-P-16b,0.4144398503027225,0.0860576910218943,0.1071,0.0014,0.0014,0.8929,1.1071,1.0,0.0,0.0,HAT-P-16b,False
HAT-P-32b,0.1022807546948876,0.077426123259787,0.14886,0.00054,0.00056,0.85114,1.14886,1.0,0.0,0.0,HAT-P-32b,True
WASP-67b,0.9095612508141804,0.2102916749667062,0.134292145,0.003350903,0.003350903,0.865707855,1.134292145,0.41883,0.43874,0.14243,WASP-67b,True
WASP-185b,0.5862740820968616,0.0690009280039314,0.085635571,0.002919348,0.002919348,0.914364429,1.085635571,1.0,0.0,0.0,WASP-185b,False
LTT3780b,0.4628709573268852,0.0687848531171625,0.0324,0.001,0.0011,0.9676,1.0324,1.0,0.0,0.0,LTT3780b,False
TOI-2158b,0.929312362740764,0.1559071711900533,0.07,0.0009,0.0009,0.9299999999999999,1.07,0.50382,0.31427,0.18191,TOI-2158b,False
HAT-P-41b,0.1997956014501334,0.1027269483975199,0.1028,0.0016,0.0016,0.8972,1.1028,1.0,0.0,0.0,HAT-P-41b,True
HATS-2b,0.2563848027622791,0.0832278776706652,0.1335,0.001,0.001,0.8665,1.1335,1.0,0.0,0.0,HATS-2b,False
TOI-251b,0.5850487935984757,0.1525042844348231,0.02858,0.001,0.0011,0.97142,1.02858,0.99465,0.00386,0.00149,TOI-251b,False
HD1397b,0.176059557913101,0.1187215460044024,0.04513,0.00025,0.0003,0.95487,1.04513,1.0,0.0,0.0,HD1397b,False
TOI-4010d,0.5081178342125858,0.0624823337414265,0.068,0.002,0.001,0.9319999999999999,1.068,1.0,0.0,0.0,TOI-4010d,False
K2-138g,0.6044626242428139,0.3573905188326589,0.03187,0.0025,0.00295,0.96813,1.03187,0.84361,0.03931,0.11708,K2-138g,False
Kepler-25b,0.004236621499402,0.1164168219958866,0.018412,5.9e-05,0.000144,0.981588,1.018412,1.0,0.0,0.0,Kepler-25b,False
HD3167c,0.3223778689464948,0.1611078574549402,0.03006,0.00055,0.00065,0.96994,1.03006,0.99996,2e-05,2e-05,HD3167c,False
HD101581b,0.5855118401749579,0.1436237249413982,0.0139,0.0006,0.0006,0.9861,1.0139,0.99764,0.00109,0.00127,HD101581b,False
WASP-99b,0.1571922145125251,0.167683145261398,0.063913377,0.001564618,0.001564618,0.936086623,1.063913377,1.0,0.0,0.0,WASP-99b,False
WASP-82b,0.1475642206772771,0.1281506291473529,0.079274071,0.000630723,0.000630723,0.920725929,1.079274071,1.0,0.0,0.0,WASP-82b,False
HAT-P-55b,0.3721342269797169,0.1239771223241532,0.1202,0.0019,0.0019,0.8798,1.1202,0.99997,3e-05,0.0,HAT-P-55b,False
WASP-141b,0.2792904600996033,0.1770914290344296,0.090761204,0.001101792,0.001101792,0.909238796,1.090761204,0.99984,0.00016,0.0,WASP-141b,False
TOI-1453c,0.7520926078722063,0.1608824630600111,0.02832,0.00036,0.00036,0.97168,1.02832,0.91403,0.04352,0.04245,TOI-1453c,False
HATS-45b,0.6591411679082964,0.1607694555278684,0.1004,0.0042,0.0042,0.8996,1.1004,0.93247,0.06423,0.0033,HATS-45b,False
WASP-147b,0.2772908134100451,0.2279865168665115,0.08,0.0038,0.0038,0.92,1.08,0.99748,0.0022,0.00032,WASP-147b,False
HD110067b,0.345698944292156,0.0827231640440025,0.0256,0.0002,0.0002,0.9744,1.0256,1.0,0.0,0.0,HD110067b,False
WASP-114b,0.4484800424924435,0.0704935344870462,0.096223241,0.0008314,0.0008314,0.903776759,1.096223241,1.0,0.0,0.0,WASP-114b,False
GJ238b,0.007005929026143,0.1440575207565359,0.01204,0.00023,0.00023,0.98796,1.01204,1.0,0.0,0.0,GJ238b,False
GPX-1b,0.7832908559355957,0.188880057098661,0.095,0.002,0.002,0.905,1.095,0.74025,0.21072,0.04903,GPX-1b,False
TOI-1758b,0.4908481000901658,0.3323394330862732,0.03999075,0.0014525,0.00246636,0.96000925,1.03999075,0.92034,0.03053,0.04913,TOI-1758b,False
TOI-1794b,0.4636762494789448,0.1539246439781184,0.02296595,0.00086216,0.00108875,0.97703405,1.02296595,0.99956,0.00033,0.00011,TOI-1794b,False
K2-25b,1.338129779804539,0.1370980027332204,0.1075,0.0018,0.0018,0.8925,1.1075,0.00053,0.04543,0.95404,K2-25b,False
HAT-P-56b,0.853066677239532,0.1799636556553436,0.1054,0.00086,0.00086,0.8946000000000001,1.1054,0.59416,0.32592,0.07992,HAT-P-56b,False
WASP-120b,0.7405878939503869,0.0885515125003045,0.080946222,0.00098831,0.00098831,0.919053778,1.080946222,0.97799,0.02188,0.00013,WASP-120b,False
TOI-1194b,0.8363892860992769,0.0853812543615304,0.08196,0.00047,0.00047,0.91804,1.08196,0.83135,0.16653,0.00212,TOI-1194b,False
HAT-P-19b,0.3753696982090754,0.0855790321743721,0.1418,0.002,0.002,0.8582,1.1418,1.0,0.0,0.0,HAT-P-19b,True
WASP-174b,0.9323278149405504,0.1985109538482753,0.1098,0.003,0.003,0.8902,1.1098,0.41552,0.39754,0.18694,WASP-174b,False
HAT-P-23b,0.3796325114151861,0.1200527601085814,0.1169,0.0012,0.0012,0.8831,1.1169,1.0,0.0,0.0,HAT-P-23b,False
WASP-190b,0.4251820278278511,0.1421390438619169,0.07386068,0.0013539,0.0013539,0.92613932,1.07386068,0.99977,0.00022,1e-05,WASP-190b,False
HAT-P-1b,0.7394617620795177,0.1506633492729383,0.11802,0.00018,0.00018,0.88198,1.11802,0.8257,0.1683,0.006,HAT-P-1b,True
WASP-97b,0.2185036073054432,0.1408289576604292,0.108471723,0.000921899,0.000921899,0.891528277,1.108471723,1.0,0.0,0.0,WASP-97b,True
Gliese12b,0.7466801336415361,0.1660751178584819,0.0336,0.0015,0.0015,0.9664,1.0336,0.90619,0.0516,0.04221,Gliese12b,False
WASP-177b,0.9251504513937,0.2389259493838491,0.183463325,0.003815476,0.009538691,0.816536675,1.183463325,0.32274,0.53846,0.1388,WASP-177b,False
WASP-63b,0.230216140968795,0.154690464340641,0.077900745,0.001091132,0.001091132,0.922099255,1.077900745,1.0,0.0,0.0,WASP-63b,True
TOI-544b,0.636258528142701,0.1497289291337764,0.0297,0.0007,0.0007,0.9703,1.0297,0.98693,0.00875,0.00432,TOI-544b,False
TOI-2768b,0.3042094665151496,0.3379547486648555,0.0434,0.005,0.013,0.9566,1.0434,0.97311,0.01267,0.01422,TOI-2768b,False
TOI-6086b,0.5804192429911705,0.1414545731498503,0.04173,0.0022,0.0022,0.95827,1.04173,0.99586,0.00343,0.00071,TOI-6086b,False
XO-1b,0.2236072995029708,0.1126364511851648,0.133124387,0.000450706,0.000450706,0.8668756129999999,1.133124387,1.0,0.0,0.0,XO-1b,True
TOI-3362b,0.2454386327971645,0.2016451561292322,0.064128408,0.001559371,0.001559371,0.935871592,1.064128408,0.99969,0.00026,5e-05,TOI-3362b,False
KELT-18b,0.0968712617484814,0.0913732203448726,0.08462,0.00091,0.00091,0.91538,1.08462,1.0,0.0,0.0,KELT-18b,False
TOI-2128b,0.3448229342195573,0.2227251932211565,0.0171376,0.00052111,0.00062851,0.9828624,1.0171376,0.9981,0.00091,0.00099,TOI-2128b,False
HAT-P-7b,0.5429140147809697,0.0854511586460099,0.07809,0.00068,0.00068,0.92191,1.07809,1.0,0.0,0.0,HAT-P-7b,True
TOI-1259Ab,0.0611169796183202,0.0506355367806969,0.14762,0.0003,0.00035,0.85238,1.14762,1.0,0.0,0.0,TOI-1259Ab,False
TOI-431d,0.1352751655952087,0.1059739250432521,0.04126177,0.0,0.0,0.95873823,1.04126177,1.0,0.0,0.0,TOI-431d,False
K2-403b,0.6680621991412303,0.3936578277048363,0.0551,0.002,0.001,0.9449,1.0551,0.75964,0.07674,0.16362,K2-403b,False
TOI-6324b,0.822099306957014,0.1875925174894938,0.0331,0.0006,0.0006,0.9669,1.0331,0.78027,0.08906,0.13067,TOI-6324b,False
KOI-94d,0.0531193981779916,0.0507852525932763,0.068016,8e-05,8e-05,0.931984,1.068016,1.0,0.0,0.0,KOI-94d,False
TOI-3912b,0.5245294487827314,0.1307226337311674,0.09405148,0.001010085,0.001010085,0.90594852,1.09405148,0.99828,0.0017,2e-05,TOI-3912b,False
KELT-12b,0.5621234945308524,0.1664614987292425,0.0772,0.0018,0.0019,0.9228,1.0772,0.98566,0.01343,0.00091,KELT-12b,False
HAT-P-61b,0.7522414381652167,0.1596354052261622,0.0984,0.0025,0.0025,0.9016,1.0984,0.82387,0.16091,0.01522,HAT-P-61b,False
GJ1132b,0.4830172378747278,0.0520231772185875,0.04943,0.00015,0.00015,0.95057,1.04943,1.0,0.0,0.0,GJ1132b,True
HIP94235b,0.7719129846322367,0.1767864877626367,0.0253,0.00059,0.00075,0.9747,1.0253,0.87507,0.05012,0.07481,HIP94235b,False
WASP-195b,0.5398607891583667,0.123155399073435,0.06,0.0016,0.0018,0.94,1.06,0.99937,0.00063,0.0,WASP-195b,False
KELT-19Ab,0.5833480836969934,0.1339836399545896,0.10713,0.00092,0.00092,0.89287,1.10713,0.98963,0.01026,0.00011,KELT-19Ab,False
TOI-406.01,0.4711705791050983,0.2001889264820057,0.0466,0.0011,0.0011,0.9534,1.0466,0.99192,0.00578,0.0023,TOI-406.01,False
WASP-166b,0.3649447508352276,0.1598934261483905,0.053065977,0.000659556,0.000659556,0.946934023,1.053065977,0.99993,7e-05,0.0,WASP-166b,False
TOI-1420b,0.3869477914856556,0.0934089009498093,0.11816,0.00059,0.00059,0.88184,1.11816,1.0,0.0,0.0,TOI-1420b,False
TOI-1710b,0.1259161709082324,0.184883502252571,0.048,0.0004,0.0004,0.952,1.048,1.0,0.0,0.0,TOI-1710b,False
K2-141b,0.001725037422477,0.3992446125164834,0.02088,0.00039,0.00053,0.97912,1.02088,0.99224,0.00215,0.00561,K2-141b,False
TOI-3884b,0.0851513720391799,0.0702081582946784,0.197,0.002,0.002,0.8029999999999999,1.197,1.0,0.0,0.0,TOI-3884b,False
WASP-150b,0.818845058937514,0.2554665973683814,0.066599681,0.000750754,0.000750754,0.933400319,1.066599681,0.67338,0.1602,0.16642,WASP-150b,False
Kepler-5b,0.0890502063671729,0.0465272411192398,0.079965,7.1e-05,8.7e-05,0.920035,1.079965,1.0,0.0,0.0,Kepler-5b,True
HD332231b,0.132378429933992,0.1049511275150753,0.06976,0.00039,0.00041,0.93024,1.06976,1.0,0.0,0.0,HD332231b,False
Qatar-9b,0.0890885729655357,0.0806936767093868,0.1489,0.0009,0.0009,0.8511,1.1489,1.0,0.0,0.0,Qatar-9b,False
TrES-3b,0.8221177522539034,0.1778905262809669,0.1655,0.002,0.002,0.8345,1.1655,0.52556,0.44746,0.02698,TrES-3b,True
TOI-1823b,0.1842034855878107,0.4995971744441596,0.08589249,0.00079708,0.00109195,0.91410751,1.08589249,0.92937,0.03587,0.03476,TOI-1823b,False
TOI-4515b,0.9071908996693056,0.0264821041924048,0.13,0.001,0.001,0.87,1.13,0.07985,0.92015,0.0,TOI-4515b,False
TOI-782b,0.5173516655607704,0.1919119287867332,0.0606,0.0015,0.0015,0.9394,1.0606,0.98587,0.01161,0.00252,TOI-782b,False
WASP-32b,0.6354677934185813,0.0737892282230404,0.109243215,0.001830777,0.001830777,0.890756785,1.109243215,0.9997,0.0003,0.0,WASP-32b,False
TOI-3837b,0.4856101244052396,0.0521682936476134,0.083,0.002,0.001,0.917,1.083,1.0,0.0,0.0,TOI-3837b,False
HATS-68b,0.7202122138746874,0.1524039769068702,0.0725,0.0016,0.0016,0.9275,1.0725,0.91381,0.07568,0.01051,HATS-68b,False
TOI-5344b,0.6729760769661265,0.0670141880292525,0.159,0.006,0.005,0.841,1.159,0.99415,0.00585,0.0,TOI-5344b,False
TOI-4377b,0.5943718527447295,0.0994522420400897,0.0392,0.00097,0.001,0.9608,1.0392,0.99992,8e-05,0.0,TOI-4377b,False
HD15337c,0.8585292200904796,0.12399265505712,0.02754,0.0009,0.00091,0.97246,1.02754,0.82079,0.09132,0.08789,HD15337c,False
HD152843b,0.3033827616405073,0.2027627326728604,0.02201,0.00073,0.00081,0.97799,1.02201,0.99961,0.00023,0.00016,HD152843b,False
WASP-194b,0.8202184876774715,0.1858587288159171,0.1007,0.0004,0.0004,0.8993,1.1007,0.66494,0.27021,0.06485,WASP-194b,False
TOI-836c,0.5348147572687638,0.6424577693120392,0.0357,0.0018,0.0018,0.9643,1.0357,0.74799,0.03368,0.21833,TOI-836c,False
TOI-5704b,0.1901003665586943,0.3647011387766758,0.0389,0.0017,0.0023,0.9611,1.0389,0.98326,0.00696,0.00978,TOI-5704b,False
HD135694b,0.3603259251175095,0.2319171873903645,0.0219,0.0005,0.0005,0.9781,1.0219,0.99597,0.00178,0.00225,HD135694b,False
K2-261b,0.3898178337223445,0.1981462561780169,0.05274,0.00049,0.00076,0.94726,1.05274,0.99751,0.00209,0.0004,K2-261b,False
KOI-12b,0.3356208555578331,0.1058795234217644,0.09049,8e-05,8e-05,0.90951,1.09049,1.0,0.0,0.0,KOI-12b,False
WASP-68b,0.246615939592179,0.1857770608189212,0.075,0.002,0.002,0.925,1.075,0.9998,0.0002,0.0,WASP-68b,False
TOI-3688Ab,0.2570152678165798,0.1533744073984072,0.092107568,0.002279943,0.002334227,0.907892432,1.092107568,1.0,0.0,0.0,TOI-3688Ab,False
WASP-103b,0.1749066784403033,0.1431303485330928,0.1093,0.0017,0.0019,0.8907,1.1093,1.0,0.0,0.0,WASP-103b,True
GJ3090b,0.6671787122944994,0.1829251499890781,0.0379,0.0014,0.0011,0.9621,1.0379,0.9469,0.03199,0.02111,GJ3090b,False
WASP-65b,0.1359700870000625,0.0961485309689367,0.113140699,0.000662891,0.000662891,0.886859301,1.113140699,1.0,0.0,0.0,WASP-65b,True
