Star Name,Planet Name,Star Radius [Rs],Planet Radius [Rj],Planet Semi-major Axis [AU],Eccentricity,Periastron,Occultation_Probability
55 Cnc,55 Cnc e,0.94,0.167,0.015478815313765,0.05,86.0,0.3026704688033148
AU Mic,AU Mic b,0.7,0.363,0.0645549652577241,0.186,88.528,0.06524781504012354
AU Mic,AU Mic c,0.75,0.289,0.1101351017703512,0.041,153.0,0.033592136311737776
CoRoT-11,CoRoT-11 b,1.37,1.43,0.0440613502436187,0.0,,0.1601069701031122
CoRoT-1,CoRoT-1 b,1.11,1.49,0.0253288603116789,0.0,,0.23191258493979228
CoRoT-2,CoRoT-2 b,0.91,1.466,0.0279819328378182,0.0143,102.0,0.1787773275542763
CoRoT-19,CoRoT-19 b,1.65,1.29,0.0516830941567414,0.047,,0.16075096961374596
CoRoT-21,CoRoT-21 b,1.95,1.3,0.0415913868660497,0.0,,0.23297309232298033
CoRoT-26,CoRoT-26 b,1.79,1.26,0.052507948513279,0.0,,0.17000251815345196
CoRoT-3,CoRoT-3 b,1.56,1.01,0.0571328392114467,0.0,,0.1354282840038068
CoRoT-36,CoRoT-36 b,1.52,1.41,0.0678828714024478,0.0,,0.11405736565486599
CoRoT-35,CoRoT-35 b,1.65,1.68,0.0429147201593388,0.0,,0.19751110372833236
CoRoT-5,CoRoT-5 b,1.19,1.388,0.0496623066861077,0.09,-128.34,0.11692834814506857
DS Tuc A,DS Tuc A b,0.96,0.509,0.0795033148482794,0.0,,0.0592138438668016
EPIC 211945201,EPIC 211945201 b,1.39,0.514,0.1494718680267243,0.0,90.0,0.0448899672936849
EPIC 246851721,EPIC 246851721 b,1.59,1.051,0.0723521471109606,0.0,,0.10913995482393381
GJ 1132,GJ 1132 b,0.21,0.101,0.0153090913478822,0.0,,0.06694489217355774
G 9-40,G 9-40 b,0.31,0.181,0.0415878900338846,0.0,0.0,0.03674492152917269
GJ 1214,GJ 1214 b,0.21,0.245,0.0150035177401219,0.0,0.0,0.07289505680397489
GJ 3470,GJ 3470 b,0.55,0.408,0.035611896952965,0.017,1.7,0.0773596083497361
GJ 3090,GJ 3090 b,0.52,0.19,0.0316815351485826,0.0,137.0,0.07919574980873882
GJ 1252,GJ 1252 b,0.39,0.105,0.0091524950013029,0.0,,0.20364514313060644
GJ 367,GJ 367 b,0.46,0.064,0.0070501339650733,0.0,,0.30776722810584595
GJ 357,GJ 357 b,0.34,0.109,0.0340458748593648,0.0,,0.04797201940767029
GJ 3929,GJ 3929 b,0.32,0.097,0.025166830222653,0.0,90.0,0.060973323882224456
GJ 3473,GJ 3473 b,0.36,0.113,0.0157155533997457,0.0,,0.10996560215066625
GJ 486,GJ 486 b,0.33,0.116,0.0172961857596316,0.0,,0.09193298340515889
GJ 9827,GJ 9827 b,0.6,0.141,0.0188500829128783,0.0,,0.1515995178718193
GJ 9827,GJ 9827 c,0.6,0.111,0.0393620375251664,0.0,,0.0722352506407198
GJ 436,GJ 436 b,0.46,0.372,0.0291150522963397,0.13827,351.0,0.07937677347421493
GJ 9827,GJ 9827 d,0.6,0.18,0.0560656029281632,0.0,,0.051302424602850255
GPX-1,GPX-1 b,1.56,1.47,0.033740665267985,0.0,,0.2358351201033577
Gaia-1,Gaia-1 b,0.95,1.229,0.0405138995579245,0.0,,0.12354466729093447
Gaia-2,Gaia-2 b,1.06,1.322,0.0467800260366392,0.0,,0.11888133248641088
HAT-P-1,HAT-P-1 b,1.17,1.319,0.055640344868307,0.0,253.1,0.10911847434722059
HAT-P-11,HAT-P-11 b,0.68,0.389,0.0525808443784489,0.218,19.0,0.07159968143228154
HAT-P-12,HAT-P-12 b,0.7,0.959,0.0383981481187653,0.0,354.3,0.09671372429545656
HAT-P-13,HAT-P-13 b,1.76,1.272,0.0438528609705473,0.0133,210.0,0.1992065690155023
HAT-P-14,HAT-P-14 b,1.82,1.42,0.0752627933541518,0.11,106.1,0.1359569693185984
HAT-P-16,HAT-P-16 b,1.24,1.289,0.0413350880089227,0.036,214.0,0.1514987405399886
HAT-P-15,HAT-P-15 b,1.07,1.06,0.0960660571545958,0.19,262.0,0.0480681477562215
HAT-P-17,HAT-P-17 b,0.87,1.05,0.0926347854915091,0.35,201.0,0.04892888921412472
HAT-P-18,HAT-P-18 b,0.75,0.995,0.0559866126551828,0.084,120.0,0.07648055592931113
HAT-P-20,HAT-P-20 b,0.69,0.867,0.0361397496120847,0.015,317.0,0.09925080356617477
HAT-P-2,HAT-P-2 b,1.39,1.13,0.0681909925668821,0.5172,188.01,0.13011726819585973
HAT-P-19,HAT-P-19 b,0.82,1.132,0.0466327707133307,0.067,256.0,0.08769888549664379
HAT-P-21,HAT-P-21 b,1.21,1.11,0.0541140639097851,0.23,305.8,0.09773140295463442
HAT-P-24,HAT-P-24 b,1.38,1.3,0.0487505331897022,0.07,197.0,0.14212768397424816
HAT-P-23,HAT-P-23 b,0.96,1.09,0.0185756780279867,0.11,121.0,0.2972830183969335
HAT-P-22,HAT-P-22 b,1.11,1.15,0.044410581135337,0.02,156.0,0.12970701248234928
HAT-P-27,HAT-P-27 b,0.86,1.02,0.0399694491252901,0.0,0.0,0.11225709473650419
HAT-P-26,HAT-P-26 b,0.87,0.63,0.0532352037160194,0.12,46.0,0.09000074777801687
HAT-P-25,HAT-P-25 b,0.92,1.135,0.0466067737831715,0.023,287.0,0.10121492619495238
HAT-P-28,HAT-P-28 b,1.1,1.212,0.0434610431616472,0.051,233.0,0.12602135339272605
HAT-P-29,HAT-P-29 b,1.3,1.17,0.0709259068304471,0.09,159.0,0.09691018091100125
HAT-P-31,HAT-P-31 b,1.39,1.09,0.0627057791825387,0.25,276.3,0.08929467886604256
HAT-P-3,HAT-P-3 b,0.87,0.94,0.0406063656755385,0.0,107.7,0.1107000657322423
HAT-P-30,HAT-P-30 b,1.31,1.44,0.0451405363016417,0.04,252.0,0.14472126423470022
HAT-P-35,HAT-P-35 b,1.44,1.332,0.0498499258457156,0.0,248.0,0.1471061031439026
HAT-P-34,HAT-P-34 b,1.53,1.197,0.0677122139748978,0.432,21.9,0.1620667842951242
HAT-P-32,HAT-P-32 b,1.37,1.98,0.0339815365466335,0.159,50.0,0.2478269286908575
HAT-P-33,HAT-P-33 b,1.79,1.85,0.0548537463451665,0.0,15.0,0.1678726037942224
HAT-P-39,HAT-P-39 b,1.62,1.571,0.0509273784092539,0.0,,0.16267338875530782
HAT-P-37,HAT-P-37 b,0.88,1.178,0.0379540282343312,0.058,164.0,0.1250397160358352
HAT-P-36,HAT-P-36 b,1.04,1.277,0.0238886792921773,0.063,51.0,0.2401220440911533
HAT-P-38,HAT-P-38 b,0.92,0.825,0.0524110199851172,0.067,240.0,0.08436038135360835
HAT-P-4,HAT-P-4 b,1.62,1.274,0.0339994955151376,0.0,97.4,0.2394916287912558
HAT-P-41,HAT-P-41 b,2.05,2.05,0.0518729018060089,0.0,,0.2026711683588961
HAT-P-40,HAT-P-40 b,1.94,1.52,0.0535689591729189,0.0,,0.18197676939490445
HAT-P-42,HAT-P-42 b,1.53,1.28,0.0575899371040081,0.0,,0.1341713545992431
HAT-P-44,HAT-P-44 b,0.95,1.242,0.0507411659132648,0.044,113.0,0.10296531337909162
HAT-P-43,HAT-P-43 b,1.08,1.216,0.0441294233153512,0.0,,0.1269815904207566
HAT-P-45,HAT-P-45 b,1.32,1.426,0.0452532669363802,0.049,146.0,0.1552116059543867
HAT-P-46,HAT-P-46 b,1.4,1.284,0.0576438620450454,0.123,70.0,0.13999404644162455
HAT-P-49,HAT-P-49 b,2.06,1.59,0.0494359343261107,0.0,0.0,0.20915584903121232
HAT-P-50,HAT-P-50 b,1.7,1.288,0.045305156763684,0.0,,0.18808725256954595
HAT-P-5,HAT-P-5 b,1.12,1.21,0.0393109881928388,0.0,,0.14720504231464457
HAT-P-51,HAT-P-51 b,1.04,1.293,0.0507853485622081,0.0,,0.10740112448987897
HAT-P-53,HAT-P-53 b,1.21,1.318,0.0315846555837388,0.0,,0.19810031879341292
HAT-P-52,HAT-P-52 b,0.89,1.009,0.0370100947703374,0.0,,0.12486083713106674
HAT-P-55,HAT-P-55 b,1.01,1.182,0.0460302437748278,0.0,,0.11431273884449267
HAT-P-54,HAT-P-54 b,0.62,0.944,0.04131159657175,0.0,,0.0807139493243258
HAT-P-56,HAT-P-56 b,1.47,1.51,0.0436356875947002,0.0,,0.1732024402286624
HAT-P-58,HAT-P-58 b,1.53,1.332,0.0499546301961717,0.0,,0.15517621402102563
HAT-P-59,HAT-P-59 b,1.1,1.123,0.0506798951121302,0.0,,0.11152725357680947
HAT-P-57,HAT-P-57 b,1.85,1.74,0.0501953200086425,0.0,,0.18796375569643128
HAT-P-6,HAT-P-6 b,1.62,1.48,0.0584438701643524,0.0,94.1,0.14100778752931054
HAT-P-62,HAT-P-62 b,1.17,1.073,0.0377087993306506,0.0,,0.15788960672946512
HAT-P-60,HAT-P-60 b,2.2,1.631,0.062886412452187,0.0,,0.17508510150963594
HAT-P-61,HAT-P-61 b,0.94,0.899,0.0300684762911095,0.0,,0.1596710899684708
HAT-P-66,HAT-P-66 b,1.88,1.59,0.0437274901050045,0.0,,0.21731708558704094
HAT-P-67,HAT-P-67 b,2.55,2.085,0.0658123841193931,0.0,,0.19532952232727627
HAT-P-64,HAT-P-64 b,1.74,1.703,0.0539263338183585,0.0,,0.16514505513958821
HAT-P-65,HAT-P-65 b,1.86,1.89,0.0395161219718379,0.0,,0.24175170129316598
HAT-P-70,HAT-P-70 b,1.86,1.87,0.047464367638069,0.0,,0.20106729110817725
HAT-P-69,HAT-P-69 b,1.93,1.676,0.0657340879651276,0.0,,0.1487257723132809
HAT-P-7,HAT-P-7 b,2.0,1.51,0.0384771805237351,0.0,204.0,0.2604804999832319
HAT-P-68,HAT-P-68 b,0.67,1.072,0.0299946773163639,0.0,,0.12095865987508927
HATS-1,HATS-1 b,1.04,1.302,0.0445366208956472,0.12,,0.12435740034192871
HAT-P-8,HAT-P-8 b,1.57,1.4,0.0448622360096451,0.0,116.0,0.17766136091746138
HATS-10,HATS-10 b,1.1,0.969,0.0449284925660479,0.0,,0.12416605680290253
HAT-P-9,HAT-P-9 b,1.34,1.393,0.0528922058315107,0.084,152.0,0.1365093382629056
HATS-11,HATS-11 b,1.54,1.609,0.050770888417372,0.0,,0.15620470871578027
HATS-13,HATS-13 b,0.89,1.212,0.0405802803551506,0.0,,0.1162664219677398
HATS-14,HATS-14 b,0.93,1.039,0.0382086875232251,0.0,,0.12618771419218636
HATS-16,HATS-16 b,1.24,1.3,0.0374661278455601,0.0,,0.1704964623841917
HATS-18,HATS-18 b,1.02,1.329,0.0176349930945224,0.0,,0.30499577579844006
HATS-23,HATS-23 b,1.2,1.86,0.0339912967004423,0.0,,0.19032649871825894
HATS-2,HATS-2 b,0.9,1.168,0.022971634227226,0.0,0.0,0.20649820848255687
HATS-24,HATS-24 b,1.12,1.395,0.0244503384166683,0.0,90.0,0.24029058670709263
HATS-22,HATS-22 b,0.69,0.953,0.0503108646387225,0.079,56.0,0.07808973191031282
HATS-26,HATS-26 b,2.04,1.75,0.0474012700749372,0.0,,0.217784641118197
HATS-27,HATS-27 b,1.74,1.5,0.0612134238953499,0.0,,0.14390070391996368
HATS-28,HATS-28 b,0.92,1.194,0.0413492202835468,0.0,,0.11727031085163275
HATS-25,HATS-25 b,1.11,1.26,0.051604723008365,0.0,,0.11169841434747377
HATS-29,HATS-29 b,1.07,1.251,0.0547533405083666,0.0,,0.10179919508403071
HATS-3,HATS-3 b,1.4,1.381,0.0485469733215965,0.0,155.0,0.14770491305113048
HATS-31,HATS-31 b,1.87,1.64,0.0477486425167184,0.0,,0.1985422048145993
HATS-30,HATS-30 b,1.06,1.175,0.0435347083112989,0.0,,0.1261297376301793
HATS-32,HATS-32 b,1.1,1.249,0.0402839428865873,0.0,,0.14180350311834336
HATS-33,HATS-33 b,1.02,1.23,0.0372679076287828,0.0,,0.1430530229229867
HATS-35,HATS-35 b,1.43,1.464,0.0320372047482592,0.0,,0.22941470058499552
HATS-34,HATS-34 b,0.98,1.43,0.0317449661282177,0.0,,0.16509222385731417
HATS-38,HATS-38 b,1.1,0.614,0.0503933872200201,0.0,,0.10733434504026139
HATS-37 A,HATS-37 A b,0.88,0.606,0.0491033597128343,0.0,,0.08924064022942524
HATS-39,HATS-39 b,1.62,1.57,0.0601142238230383,0.0,,0.13780517829093034
HATS-4,HATS-4 b,0.93,1.02,0.0362366262092208,0.013,275.0,0.13110676605713004
HATS-40,HATS-40 b,2.26,1.58,0.0499830424999627,0.0,,0.22537902377199873
HATS-41,HATS-41 b,1.71,1.33,0.0583017949336444,0.38,136.0,0.21760608728238204
HATS-42,HATS-42 b,1.48,1.4,0.0368706381380076,0.0,,0.20481728093560392
HATS-44,HATS-44 b,0.85,1.067,0.0365035553993042,0.0,,0.12225687490481119
HATS-43,HATS-43 b,0.81,1.18,0.049535553649605,0.173,330.0,0.08232951073286572
HATS-45,HATS-45 b,1.32,1.286,0.0551023145893189,0.0,,0.12255726760436743
HATS-46,HATS-46 b,0.85,0.903,0.0537670897115789,0.0,,0.08154497353558571
HATS-5,HATS-5 b,0.87,0.912,0.054313774278106,0.019,204.0,0.08190771919230212
HATS-48 A,HATS-48 A b,0.72,0.8,0.0377469113220194,0.0,,0.09883330580620714
HATS-47,HATS-47 b,0.66,1.117,0.0426264775681758,0.0,,0.08452766348838674
HATS-50,HATS-50 b,1.12,1.13,0.0505159693419487,0.0,,0.11379657156019556
HATS-51,HATS-51 b,1.44,1.41,0.0464555904390645,0.0,,0.15865698906662493
HATS-52,HATS-52 b,1.05,1.382,0.0249729726132796,0.0,,0.2219776120516778
HATS-53,HATS-53 b,1.1,1.34,0.0474902989493273,0.0,,0.1212014400374815
HATS-57,HATS-57 b,0.96,1.139,0.0349669379785392,0.0,,0.1432430375229533
HATS-56,HATS-56 b,2.2,1.688,0.0604227689172234,0.0,,0.1826747448388912
HATS-55,HATS-55 b,1.13,1.251,0.0542133346320209,0.0,,0.10796004465134532
HATS-58 A,HATS-58 A b,1.43,1.095,0.0580031535562439,0.0,,0.12367366640689642
HATS-60,HATS-60 b,1.46,1.153,0.0471434933816029,0.0,,0.15570960138698564
HATS-6,HATS-6 b,0.57,0.998,0.0361770568939569,0.0,,0.08645548645531234
HATS-64,HATS-64 b,2.11,1.679,0.0656076174242846,0.0,,0.16179326741523287
HATS-62,HATS-62 b,0.93,1.055,0.0417168629237927,0.0,,0.11575926170914888
HATS-63,HATS-63 b,1.07,1.207,0.0402638377852422,0.0,,0.13791081375349779
HATS-61,HATS-61 b,1.66,1.195,0.0791516688039536,0.0,,0.10474649124927342
HATS-66,HATS-66 b,1.84,1.411,0.0471066537153341,0.0,,0.19596316390983104
HATS-65,HATS-65 b,1.31,1.501,0.0450232026044758,0.0,,0.15124272300220293
HATS-68,HATS-68 b,1.75,1.232,0.0507137834243644,0.0,,0.17208504561359017
HATS-67,HATS-67 b,1.44,1.685,0.0303701650932196,0.0,,0.24701627632077194
HATS-70,HATS-70 b,1.88,1.384,0.0362605660580495,0.0,,0.25935294079734234
HATS-69,HATS-69 b,0.88,0.945,0.0321100018829672,0.0,,0.14151420828668063
HATS-7,HATS-7 b,0.82,0.563,0.0401634816618494,0.0,,0.10164551453216672
HATS-72,HATS-72 b,0.72,0.722,0.0665302725719048,0.0,,0.05551422105987406
HATS-75,HATS-75 b,0.58,0.884,0.0327268188063159,0.0,,0.0953263979023207
HATS-9,HATS-9 b,1.56,1.236,0.031180101706747,0.0,,0.2516158095324365
HD 108236,HD 108236 d,0.88,0.227,0.1095113772406246,0.055,151.0,0.039502692079787134
HD 108236,HD 108236 c,0.88,0.185,0.0631226682790868,0.034,211.0,0.0651487663262617
HD 106315,HD 106315 c,1.3,0.388,0.1536964493076409,0.22,96.0,0.0519244862532335
HD 108236,HD 108236 b,0.88,0.144,0.0454964857187991,0.045,126.0,0.09498473557715631
HD 108236,HD 108236 e,0.88,0.275,0.135868839149921,0.058,128.0,0.032618144125909715
HD 109833,HD 109833 b,1.0,0.258,0.0881512763143502,0.18,,0.055967574306034655
HD 109833,HD 109833 c,1.0,0.231,0.1161656308469526,0.3,,0.045036687932104205
HD 110082,HD 110082 b,1.19,0.285,0.098045461298194,0.2,138.0,0.06830466971894478
HD 110113,HD 110113 b,0.97,0.183,0.0364692274814999,0.093,,0.1271901510831626
HD 118203,HD 118203 b,2.06,1.172,0.080414612694697,0.31,155.7,0.1572998277979186
HD 136352,HD 136352 c,1.06,0.26,0.1707212292585254,0.0,-110.22,0.029602339962235664
HD 149026,HD 149026 b,1.41,0.74,0.0445178739792409,0.0,109.0,0.1552365410141255
HD 1397,HD 1397 b,2.34,1.026,0.10968185319253,0.251,2.1,0.11167473183279662
HD 152843,HD 152843 b,1.43,0.304,0.1053059493311556,0.14,,0.06582060812137754
HD 152843,HD 152843 c,1.43,0.52,0.1725222849478515,0.115,,0.04052306074265214
HD 17156,HD 17156 b,1.55,1.1,0.1683116173239405,0.68,121.32,0.13512398248812207
HD 183579,HD 183579 b,0.99,0.317,0.1331738570500279,0.0,90.0,0.03570862368184576
HD 189733,HD 189733 b,0.75,1.13,0.0307974894354558,0.0,20.0,0.13078570063443548
HD 191939,HD 191939 b,0.94,0.304,0.0782896563111268,0.031,5.0,0.057903933255325085
HD 191939,HD 191939 d,0.94,0.267,0.2076275438206269,0.031,15.0,0.021863655280697916
HD 191939,HD 191939 c,0.94,0.285,0.1706569604523291,0.034,-90.0,0.02554492300724974
HD 202772 A,HD 202772 A b,2.59,1.545,0.0521067243759164,0.038,98.0,0.25492423938471415
HD 209458,HD 209458 b,1.19,1.39,0.0486008563127466,0.0,0.0,0.1275353948333041
GJ 143,HD 21749 c,0.7,0.08,0.0692979058482366,0.0,,0.04752753496029256
HD 219666,HD 219666 b,1.03,0.42,0.0631474146651384,0.0,,0.07903248290250608
HD 219134,HD 219134 b,0.78,0.143,0.0387553336115117,0.0,0.0,0.09535986490170979
HD 221416,HD 221416 b,2.94,0.836,0.1228203883841869,0.115,-106.0,0.10327325634636429
HD 23472,HD 23472 c,0.71,0.167,0.1647156419512088,0.063,2.0,0.02065729788740421
HD 23472,HD 23472 f,0.71,0.101,0.0906336420191128,0.07,4.0,0.037326474694823975
HD 2685,HD 2685 b,1.56,1.44,0.0567697123283657,0.091,184.36,0.14010662650094768
HD 260655,HD 260655 c,0.44,0.137,0.047565211828312,0.038,-25.0,0.043745612103820886
HD 260655,HD 260655 b,0.44,0.111,0.0293772898721945,0.039,57.0,0.07390800734457931
HD 28109,HD 28109 d,1.45,0.29,0.4065630486964686,0.0,,0.01692669059866044
HD 28109,HD 28109 c,1.45,0.377,0.3096573033987105,0.0,,0.022358083209619222
HD 3167,HD 3167 b,0.88,0.149,0.0179785948480815,0.0,,0.2315874797618144
HD 3167,HD 3167 c,0.88,0.268,0.1778012534972932,0.0,178.0,0.02373710439782174
HD 332231,HD 332231 b,1.28,0.867,0.1437795190163837,0.032,47.0,0.04536542607882974
HD 63433,HD 63433 b,0.91,0.192,0.0721601255456471,0.0,,0.05991786903459818
HD 63935,HD 63935 c,0.96,0.259,0.1473640000742699,0.0,0.0,0.031135306074553257
HD 63935,HD 63935 b,0.96,0.267,0.0830740217459466,0.0,0.0,0.05527656307222543
HD 63433,HD 63433 c,0.91,0.238,0.1464232953824691,0.0,,0.029678775414322636
HD 80606,HD 80606 b,1.04,1.07,0.4751618476939053,0.93,301.03,0.016918406421683914
HD 73583,HD 73583 b,0.65,0.249,0.0607755827313057,0.09,-76.0,0.04756602100837797
HD 73583,HD 73583 c,0.65,0.213,0.1250340829931188,0.08,-41.6,0.023815045895846296
HD 93963 A,HD 93963 A c,1.04,0.288,0.0480294086546674,0.0,,0.10356403935550623
HD 86226,HD 86226 c,1.05,0.193,0.049548850699172,0.075,196.0,0.09889098336862633
HD 89345,HD 89345 b,1.75,0.66,0.1067451405421038,0.22,-13.0,0.07910478759519697
HIP 116454,HIP 116454 b,0.72,0.226,0.0778741411707157,0.0,-59.1,0.04438367516491747
HD 97658,HD 97658 b,0.73,0.189,0.0831569282454136,0.05,-10.0,0.041650918680024095
HIP 41378,HIP 41378 f,1.34,0.91,2.177734489337884,0.0,,0.0030612134581347954
HIP 41378,HIP 41378 e,1.34,0.492,0.5323120182075759,0.0,,0.012148420482251478
HIP 65 A,HIP 65 A b,0.72,2.03,0.0177988991460066,0.0,291.42,0.24262524511401823
HIP 94235,HIP 94235 b,1.08,0.268,0.0786834354530846,0.32,17.0,0.07975027845838177
HIP 67522,HIP 67522 b,1.38,0.898,0.076283196256451,0.059,-17.0,0.08851479843000154
HR 858,HR 858 b,1.31,0.186,0.0480723607433303,0.0,,0.12857701169151353
K2-107,K2-107 b,1.81,1.426,0.0475119284926127,0.0,,0.19150608261219487
K2-116,K2-116 b,0.67,0.062,0.0482516130477226,0.06,-23.44,0.06386237353102316
K2-121,K2-121 b,0.67,0.671,0.0518498796286917,0.22,72.97,0.08429927551318517
K2-129,K2-129 b,0.36,0.093,0.056836144991776,0.13,39.89,0.03332213779192705
K2-132,K2-132 b,3.85,1.3,0.0880653860461629,0.29,82.6,0.29572897042481205
K2-138,K2-138 f,0.86,0.259,0.1047478068233649,0.062,144.0,0.04095481093510019
K2-138,K2-138 g,0.86,0.269,0.2316921823241052,0.059,164.0,0.018169542176268517
K2-139,K2-139 b,0.88,0.813,0.179760847589387,0.12,124.0,0.027807528132597983
K2-140,K2-140 b,1.06,1.21,0.067767530320807,0.0,90.0,0.08127413849414736
K2-141,K2-141 c,0.68,0.624,0.0684155246369547,0.0,90.0,0.05058097449965731
K2-141,K2-141 b,0.68,0.135,0.0074837080648533,0.0,90.0,0.43118110264782566
K2-155,K2-155 b,0.58,0.161,0.0581271100267228,0.0,,0.04772664639601799
K2-155,K2-155 c,0.58,0.232,0.097842548218864,0.0,,0.02870062755997531
K2-174,K2-174 b,0.68,0.232,0.126251393583807,0.0,,0.025925965402290634
K2-18,K2-18 b,0.41,0.211,0.1431649492341391,0.2,-5.7,0.014316599964842785
K2-19,K2-19 c,0.82,0.366,0.0978209674799099,0.21,275.0,0.033729411567612035
K2-19,K2-19 b,0.82,0.624,0.0745844364613769,0.2,271.0,0.045940615231979995
K2-198,K2-198 b,0.76,0.374,0.120406123606357,0.0,,0.030838030085764787
K2-198,K2-198 d,0.76,0.218,0.069351892889456,0.0,,0.052464842245701505
K2-21,K2-21 c,0.65,0.222,0.1070738500684285,0.21,59.96,0.03612736858046987
K2-212,K2-212 b,0.68,0.236,0.0764556235322199,0.0,,0.04283662455090366
K2-232,K2-232 b,1.16,1.0,0.1036973872678788,0.258,207.0,0.05356276060106
K2-233,K2-233 d,0.71,0.21,0.1521612800762188,0.0,139.0,0.022359102125806534
K2-237,K2-237 b,1.26,1.445,0.03557042563407,0.042,74.0,0.19191891497389282
K2-238,K2-238 b,1.59,1.3,0.0451121730322763,0.0,90.0,0.17767944347313475
K2-239,K2-239 b,0.36,0.098,0.043534240845627,0.0,,0.0395321439346675
K2-239,K2-239 c,0.36,0.089,0.0566339756050033,0.0,,0.030312207580942625
K2-24,K2-24 b,1.16,0.482,0.1519405935481904,0.06,,0.0371540599971113
K2-24,K2-24 c,1.16,0.669,0.243339415788287,0.0,,0.02348264635389128
K2-240,K2-240 b,0.54,0.178,0.0541339422837936,0.0,,0.047960991437896595
K2-25,K2-25 b,0.29,0.306,0.0287307440663709,0.428,120.0,0.0873096111113162
K2-261,K2-261 b,1.64,0.85,0.1034837127387631,0.286,131.0,0.102788428840934
K2-260,K2-260 b,1.69,1.552,0.0416100517452817,0.0,90.0,0.20670442785381812
K2-266,K2-266 b,0.7,0.294,0.0130994850151131,0.0,,0.2592337074704829
K2-266,K2-266 d,0.7,0.261,0.1038386293418843,0.047,87.0,0.03415431096423526
K2-280,K2-280 b,1.28,0.669,0.1452230682117096,0.35,246.77,0.03338985234638531
K2-28,K2-28 b,0.29,0.207,0.0215300553825803,0.0,0.0,0.06723436804891304
K2-284,K2-284 b,0.61,0.248,0.0477419563031529,0.078,180.2,0.062263544496746884
K2-285,K2-285 c,0.79,0.315,0.0682342560193254,0.0,,0.056048180599766406
K2-289,K2-289 b,1.02,0.812,0.1073005356198675,0.0,,0.04782387070673649
K2-29,K2-29 b,0.86,1.19,0.0421703684343284,0.066,132.0,0.11413502859701435
K2-287,K2-287 b,1.07,0.847,0.1208794640446182,0.478,10.1,0.06253264260593559
K2-295,K2-295 b,0.7,0.897,0.0448230821383519,0.0,,0.08218976196428124
K2-3,K2-3 b,0.6,0.201,0.0777973190045241,0.0,180.0,0.037100727743857545
K2-30,K2-30 b,0.84,1.039,0.0484270255769136,0.0,120.0,0.0909187552797312
K2-31,K2-31 b,0.78,1.06,0.0221151465001898,0.0,,0.1869276622794668
K2-32,K2-32 b,0.86,0.473,0.079589116446309,0.03,220.0,0.052113870936473336
K2-32,K2-32 c,0.86,0.28,0.1385849476631775,0.049,168.0,0.03020074879651071
K2-32,K2-32 d,0.86,0.311,0.1844212568108339,0.05,185.0,0.0224502405058051
K2-321,K2-321 b,0.58,0.174,0.0287656297911839,0.0,,0.09665787521374081
K2-329,K2-329 b,0.82,0.774,0.1016021642814141,0.0697,161.0,0.042312938299018034
K2-33,K2-33 b,1.05,0.45,0.0498400825379176,0.0,0.0,0.10228801580087868
K2-334,K2-334 b,1.49,0.504,0.064408397916161,0.0,,0.11132174188604266
K2-333,K2-333 b,1.22,0.551,0.1201532882834671,0.0,,0.0494109650604806
K2-34,K2-34 b,1.42,1.227,0.0427630521693008,0.0,,0.16813673721706204
K2-344,K2-344 b,0.49,0.142,0.0350737234108546,0.0,,0.06690450140536422
K2-348,K2-348 b,0.85,0.291,0.0515585111414469,0.0,,0.07936545065920338
K2-353,K2-353 b,0.99,0.495,0.1160638425614325,0.0,,0.04170567043349727
K2-36,K2-36 c,0.72,0.285,0.0553190608009489,0.0,,0.0629897961148749
K2-370,K2-370 b,0.97,0.286,0.0323138188599846,0.0,,0.14382797313432236
K2-39,K2-39 b,2.97,0.56,0.0472010387371024,0.0,,0.2982881110922613
K2-403,K2-403 b,0.89,0.476,0.1876843855743645,0.0,,0.02326455465171228
K2-405,K2-405 b,0.77,0.408,0.0450325686725554,0.0,,0.08384688813632907
K2-406,K2-406 b,0.96,0.411,0.1451142918689725,0.0,,0.03211856772369582
K2-43,K2-43 b,0.54,0.402,0.0372275032232587,0.07,-25.11,0.07080729117623254
K2-415,K2-415 b,0.2,0.091,0.0268720746935317,0.0,,0.036230245078858546
K2-52,K2-52 b,2.19,1.606,0.0541356229658855,0.0,,0.20230711817053157
K2-55,K2-55 b,0.63,0.341,0.0349497428533537,0.07,23.94,0.09145322113836754
K2-79,K2-79 b,1.27,0.365,0.099046766541129,0.0,,0.06139044339550465
K2-87,K2-87 b,1.4,0.678,0.0937671444034333,0.0,,0.07288978118675037
KELT-10,KELT-10 b,1.21,1.399,0.0525044756256539,0.0,,0.11990672642293548
KELT-1,KELT-1 b,1.46,1.11,0.0244961259736739,0.0099,61.0,0.30144570756274985
KELT-11,KELT-11 b,2.69,1.35,0.0623722666632907,0.0007,-1.0,0.21090720203950422
KELT-12,KELT-12 b,2.37,1.78,0.0671214337014611,0.0,,0.1768773246980325
KELT-15,KELT-15 b,1.78,1.74,0.05556397695524,0.0,,0.16394377541189034
KELT-14,KELT-14 b,1.52,1.743,0.0300887633732137,0.0,,0.2626123332683457
KELT-19 A,KELT-19 A b,1.83,1.91,0.0637288978601808,0.0,,0.14786280484712241
KELT-17,KELT-17 b,1.65,1.525,0.0488938997802328,0.0,,0.1718427070602755
KELT-16,KELT-16 b,1.36,1.415,0.0204361758572143,0.0,,0.3425717338177338
KELT-18,KELT-18 b,1.91,1.57,0.045495584725526,0.0,,0.2117279488888323
KELT-21,KELT-21 b,1.64,1.586,0.0523119437014304,0.0,,0.16028284165601328
KELT-20,KELT-20 b,1.57,1.741,0.0542404472114675,0.0,,0.14994802489243264
KELT-2 A,KELT-2 A b,1.93,1.35,0.0580664273709161,0.0,90.0,0.165681958193138
KELT-23 A,KELT-23 A b,1.0,1.323,0.0329935713465015,0.0,,0.1601136667610139
KELT-3,KELT-3 b,1.7,1.56,0.0475643186126074,0.0,90.0,0.181886548992065
KELT-24,KELT-24 b,1.51,1.272,0.0696595903120347,0.077,55.0,0.11713723715475081
KELT-4 A,KELT-4 A b,1.6,1.699,0.0431908681760519,0.0,,0.1910748898059811
KELT-6,KELT-6 b,1.73,1.3,0.0869175281950482,0.22,80.0,0.12748348305695525
KELT-9,KELT-9 b,2.36,1.891,0.0346298929624434,0.0,90.0,0.3430215985093116
KELT-7,KELT-7 b,1.81,1.6,0.0462425258321313,0.0,,0.19856131950374167
KELT-8,KELT-8 b,1.46,1.62,0.040007773129659,0.04,85.0,0.19690872111160954
KOI-12,KOI-12 b,1.4,1.23,0.1531546055408223,0.34,228.0,0.03916503072236657
KOI-13,KOI-13 b,1.74,1.512,0.0342529273052296,0.00064,5.0,0.25734690403933813
KOI-94,KOI-94 c,1.52,0.385,0.1014705314782549,0.43,,0.08768975621902389
KOI-94,KOI-94 d,1.52,1.005,0.1686893344839496,0.022,,0.044772538330756284
KOI-94,KOI-94 e,1.52,0.585,0.3050012389768301,0.019,,0.024101319167876056
KPS-1,KPS-1 b,0.91,1.03,0.0269002008546633,0.0,,0.17561789113103135
Kepler-102,Kepler-102 e,0.72,0.194,0.1161425502082712,0.0,,0.02962779752309475
Kepler-105,Kepler-105 b,1.58,0.429,0.0655504989377987,0.47,272.16,0.07843061491768724
Kepler-108,Kepler-108 b,2.19,0.772,0.2832101997590758,0.22,,0.03915898772029529
Kepler-12,Kepler-12 b,1.48,1.754,0.0557324137554347,0.0,182.0,0.13853551252183838
Kepler-1314,Kepler-1314 b,0.59,0.456,0.0509988423412371,0.0,,0.05807378052449432
Kepler-138,Kepler-138 b,0.54,0.057,0.0755653355315381,0.02,40.0,0.03403882719083508
Kepler-14,Kepler-14 b,2.05,1.136,0.0805689178510068,0.035,,0.12521832205543326
Kepler-1513,Kepler-1513 b,0.97,0.755,0.5774019686757663,0.0,,0.008437386529401696
Kepler-1515,Kepler-1515 b,1.41,0.852,0.7654816347194352,0.0,,0.00909796478223509
Kepler-1517,Kepler-1517 b,1.95,0.871,0.0714715873380156,0.0,,0.13270528364980386
Kepler-16,Kepler-16 b,0.65,0.754,0.6473613880880351,0.0069,318.0,0.005202158528251208
Kepler-1656,Kepler-1656 b,1.1,0.448,0.1975356742285113,0.838,52.8,0.15109608309940273
Kepler-1658,Kepler-1658 b,2.89,1.07,0.0544468512110801,0.0628,-7.73,0.2550767424202065
Kepler-17,Kepler-17 b,1.01,1.31,0.0258359292845924,0.0,,0.2060314406836708
Kepler-18,Kepler-18 d,1.11,0.623,0.1171758417865093,0.0,,0.04659447588779564
Kepler-18,Kepler-18 c,1.11,0.49,0.0752147795374977,0.0,,0.07174370514806772
Kepler-25,Kepler-25 c,1.32,0.465,0.1124586195288828,0.0061,,0.056563689385313524
Kepler-33,Kepler-33 c,1.82,0.285,0.1189325501503535,0.0,,0.07231031653911738
Kepler-33,Kepler-33 d,1.82,0.477,0.1662537936478548,0.0,,0.05228034742518699
Kepler-396,Kepler-396 c,1.06,0.473,0.3684469507524165,0.0,,0.013992623322829769
Kepler-411,Kepler-411 c,0.82,0.394,0.0737510700465195,0.108,103.0,0.06067672863494243
Kepler-42,Kepler-42 b,0.17,0.07,0.011289156736841,0.04,,0.07311020946588832
Kepler-42,Kepler-42 c,0.17,0.065,0.0058544422619629,0.0,,0.14034514993295405
Kepler-42,Kepler-42 d,0.17,0.051,0.0150331513678992,0.02,,0.054232019974226275
Kepler-422,Kepler-422 b,1.24,1.15,0.0813318300273392,0.0,,0.07765911672461981
Kepler-435,Kepler-435 b,3.21,1.99,0.0949367803985922,0.114,104.0,0.18820581628557725
Kepler-444,Kepler-444 b,0.75,0.036,0.0419828051889305,0.16,,0.08568130341083353
Kepler-444,Kepler-444 c,0.75,0.044,0.0490463723112137,0.31,,0.07914818629094149
Kepler-444,Kepler-444 e,0.75,0.049,0.0699550800643125,0.1,,0.050700172443679574
Kepler-447,Kepler-447 b,1.05,1.65,0.076991287327083,0.123,98.3,0.08389952692984087
Kepler-450,Kepler-450 b,1.64,0.548,0.1934386792053254,0.02,,0.04079747262275082
Kepler-468,Kepler-468 b,0.87,1.19,0.2202053612031287,0.0,,0.020955897485207632
Kepler-489,Kepler-489 b,0.76,0.689,0.1225072612197478,0.0,,0.031537921851460746
Kepler-491,Kepler-491 b,1.03,0.796,0.0518615378608682,0.0,,0.09969595033390431
Kepler-5,Kepler-5 b,1.79,1.426,0.0506046840046216,0.0,,0.17796403899941876
Kepler-6,Kepler-6 b,1.39,1.304,0.0456465417673017,0.0,,0.1552652983042249
Kepler-63,Kepler-63 b,0.9,0.545,0.0868561708588602,0.0,,0.0511866110926943
Kepler-7,Kepler-7 b,1.97,1.622,0.0624753160274443,0.0,,0.15904786112420516
Kepler-76,Kepler-76 b,1.32,1.36,0.027813546512042,0.0,,0.24407363171008797
Kepler-79,Kepler-79 d,1.3,0.639,0.287843277454191,0.025,,0.02207782626974466
Kepler-8,Kepler-8 b,1.49,1.416,0.0483154287499621,0.0,,0.1574216566264789
Kepler-9,Kepler-9 c,0.96,0.721,0.2266682881702355,0.06691,167.5,0.021620113779851215
Kepler-91,Kepler-91 b,6.3,1.367,0.0726845473131435,0.0519,-57.2,0.3951590529974914
Kepler-94,Kepler-94 b,0.76,0.313,0.0337010739988129,0.0,,0.10931212749355279
L 98-59,L 98-59 b,0.3,0.076,0.0217553847288826,0.103,192.0,0.06507933988949838
L 98-59,L 98-59 c,0.3,0.124,0.0302307407579918,0.103,261.0,0.04367901428698367
L 98-59,L 98-59 d,0.3,0.136,0.0482884996617256,0.074,180.0,0.030404207197863378
LHS 1478,LHS 1478 b,0.25,0.111,0.0189939361852556,0.0,,0.06400269502678121
LHS 1140,LHS 1140 b,0.21,0.146,0.0955884247253305,0.0,,0.01094662586166012
LHS 1140,LHS 1140 c,0.21,0.104,0.0273113494404006,0.0,,0.037577753355115866
LHS 1678,LHS 1678 b,0.33,0.062,0.0124840815962348,0.0,6.0,0.12530226138117387
LHS 3844,LHS 3844 b,0.19,0.116,0.0062272582982477,0.0,,0.15079261159638885
LHS 1678,LHS 1678 c,0.33,0.088,0.032983501252218,0.0,-1.0,0.047802957614618426
LP 714-47,LP 714-47 b,0.58,0.419,0.0417499916154041,0.04,219.0,0.06776281379875608
LHS 1815,LHS 1815 b,0.5,0.097,0.0379482975969728,0.0,90.0,0.062495277717468684
LP 791-18,LP 791-18 c,0.17,0.206,0.0296959814087206,0.0,,0.02993757605285972
LP 791-18,LP 791-18 b,0.17,0.1,0.0098138605894441,0.0,,0.08542702201413453
LTT 1445 A,LTT 1445 A b,0.27,0.116,0.0382787501518279,0.0,-139.0,0.03425038481023711
LTT 3780,LTT 3780 c,0.37,0.205,0.0766912376591687,0.06,124.0,0.02498332589265249
LTT 3780,LTT 3780 b,0.37,0.119,0.0121065325497329,0.0,251.0,0.14682505705550644
LTT 1445 A,LTT 1445 A c,0.27,0.102,0.0267124041160081,0.0,,0.04883017620034118
MASCARA-1,MASCARA-1 b,2.08,1.597,0.0403925981391636,0.00034,-16.0,0.2583441785634326
MASCARA-4,MASCARA-4 b,1.92,1.53,0.0471540228624445,0.0,,0.204862175982767
LTT 9779,LTT 9779 b,0.95,0.421,0.0153670141855014,0.0,90.0,0.30058783233529435
NGTS-11,NGTS-11 b,0.83,0.817,0.2010067425154119,0.13,32.0,0.022990419713844235
NGTS-10,NGTS-10 b,0.7,1.205,0.014569562522523,0.0,,0.26295847609136386
NGTS-12,NGTS-12 b,1.59,1.048,0.0757579183759737,0.0,,0.10421453694668972
NGTS-13,NGTS-13 b,1.79,1.142,0.0549246962419656,0.086,-146.4,0.15495572250595221
NGTS-2,NGTS-2 b,1.7,1.595,0.0630565898994289,0.0,,0.13746439648925246
NGTS-24,NGTS-24 b,1.64,1.214,0.048464415146314,0.0,,0.16933930202791303
NGTS-25,NGTS-25 b,0.86,1.023,0.037910022429666,0.0,,0.11839317502009598
NGTS-6,NGTS-6 b,0.75,1.326,0.0165101918291723,0.0,,0.24963601869326058
NGTS-5,NGTS-5 b,0.74,1.136,0.0382300181437825,0.0,,0.10421742184423562
NGTS-8,NGTS-8 b,0.98,1.09,0.0346986077533982,0.01,,0.14637102579716216
NGTS-9,NGTS-9 b,1.38,1.07,0.0582870079064556,0.06,,0.11930662908911813
Qatar-1,Qatar-1 b,0.8,1.143,0.0233460662157144,0.0,,0.1827548669551457
PH2,PH2 b,1.0,0.903,0.8260465210598319,0.41,3.44,0.007577299627763245
Qatar-10,Qatar-10 b,1.25,1.543,0.028679828112218,0.0,,0.2284000890102745
Qatar-3,Qatar-3 b,1.27,1.096,0.0378760980974835,0.0,,0.1697605117523629
Qatar-4,Qatar-4 b,0.85,1.135,0.0280357980880142,0.0,,0.1603416966442085
Qatar-2,Qatar-2 b,0.78,1.254,0.0215004154883365,0.0,,0.196584301918958
Qatar-7,Qatar-7 b,1.56,1.7,0.0352332074858167,0.0,,0.22896438210104209
Qatar-8,Qatar-8 b,1.32,1.285,0.0474428944761049,0.0,,0.14233345782984894
Qatar-5,Qatar-5 b,1.08,1.107,0.0412857994463905,0.0,,0.13446594060423453
Qatar-6,Qatar-6 b,0.72,1.062,0.0423076382240407,0.0,,0.09113863480577689
TIC 257060897,TIC 257060897 b,1.82,1.49,0.0510235928185519,0.03,20.0,0.1818455678769424
TIC 237913194,TIC 237913194 b,1.09,1.117,0.1212005487636311,0.575,24.1,0.08527574237961566
Qatar-9,Qatar-9 b,0.7,1.009,0.0234163301782726,0.0,,0.15961180113566992
TOI-1064,TOI-1064 c,0.73,0.237,0.0944380611152627,0.088,25.0,0.03882933205515538
TOI-1107,TOI-1107 b,1.81,1.3,0.0552522291529253,0.025,71.97,0.16758174063392062
TOI-1130,TOI-1130 c,0.69,1.5,0.0708865683200684,0.047,-28.0,0.05427746124610033
TOI-1130,TOI-1130 b,0.69,0.326,0.0438773312498856,0.22,,0.08058252473193965
TOI-1136,TOI-1136 c,0.97,0.257,0.0669441321350095,0.117,-113.0,0.06262094647728542
TOI-1136,TOI-1136 e,0.97,0.235,0.1393851231897647,0.057,-66.0,0.031544262555601964
TOI-1136,TOI-1136 b,0.97,0.17,0.0510983844919863,0.031,45.0,0.09192799097924124
TOI-1136,TOI-1136 d,0.97,0.413,0.1062947531366097,0.016,118.0,0.04493224220733954
TOI-1136,TOI-1136 f,0.97,0.346,0.1744237542785133,0.012,140.0,0.027020711079324994
TOI-1181,TOI-1181 b,1.75,1.3,0.0340689541183603,0.0,,0.2571132806002952
TOI-1201,TOI-1201 b,0.51,0.215,0.028761439119532,0.0,90.0,0.08603483333549501
TOI-1231,TOI-1231 b,0.48,0.326,0.1293433000518587,0.087,176.0,0.018716343377038105
TOI-122,TOI-122 b,0.33,0.243,0.039159835605709,0.0,,0.04215499209080787
TOI-1227,TOI-1227 b,0.56,0.854,0.0985203239886962,0.0,,0.030576265377061186
TOI-1246,TOI-1246 d,0.86,0.313,0.1315146120362602,0.0,,0.0315476946590557
TOI-1246,TOI-1246 b,0.86,0.269,0.0494966754014654,0.0,,0.08339864106286836
TOI-125,TOI-125 c,0.85,0.246,0.081480872127656,0.066,70.0,0.05328638231745974
TOI-1259 A,TOI-1259 A b,0.71,1.022,0.0406647943907745,0.0,,0.09320691260507694
TOI-125,TOI-125 b,0.85,0.243,0.0519153745967989,0.194,-37.0,0.0719345715335151
TOI-1260,TOI-1260 b,0.67,0.215,0.0368316531091093,0.0,0.0,0.08738571612187139
TOI-1260,TOI-1260 d,0.67,0.278,0.1121090935677951,0.0,0.0,0.0289777361779102
TOI-1266,TOI-1266 c,0.42,0.139,0.1061180950111197,0.04,0.0,0.019062348994341352
TOI-1268,TOI-1268 b,0.92,0.812,0.0782935559734484,0.105,-40.6,0.05614868709929697
TOI-1272,TOI-1272 b,0.79,0.369,0.041254554712687,0.338,123.6,0.1350288438382675
TOI-1298,TOI-1298 b,1.41,0.841,0.0606132079385235,0.032,130.0,0.11774606865647173
TOI-1288,TOI-1288 b,1.01,0.467,0.0365267981591568,0.064,139.0,0.1409326989126451
TOI-1296,TOI-1296 b,1.66,1.231,0.0515193785637597,0.055,137.0,0.1678174786467855
TOI-1333,TOI-1333 b,1.93,1.396,0.0625195492516785,0.073,105.0,0.16599233972908561
TOI-1338 A,TOI-1338 b,1.33,0.611,0.4252344910768764,0.088,258.6,0.014026528281982278
TOI-1422,TOI-1422 b,1.02,0.353,0.1075388398663184,0.04,153.0,0.04658216138465833
TOI-1411,TOI-1411 b,0.66,0.121,0.0210632641282438,0.0,,0.1484638661891825
TOI-1431,TOI-1431 b,1.92,1.49,0.0464548571979598,0.0022,108.0,0.2079691835861039
TOI-1442,TOI-1442 b,0.31,0.104,0.0071436403076009,0.0,,0.2087655333900512
TOI-1452,TOI-1452 b,0.28,0.149,0.0612528294060396,0.0,90.0,0.022420794717006632
TOI-150,TOI-150.01,1.53,1.255,0.0703356651629617,0.262,,0.11777227578273551
TOI-1478,TOI-1478 b,1.05,1.06,0.0904350790731279,0.024,-110.0,0.05828541630336002
TOI-1468,TOI-1468 c,0.34,0.184,0.0850962323742408,0.0,,0.019614163995593046
TOI-1468,TOI-1468 b,0.34,0.114,0.0208257545362036,0.0,,0.07853923559762913
TOI-1518,TOI-1518 b,1.95,1.875,0.0365123609129485,0.0,,0.27290657470508173
TOI-157,TOI-157 b,1.17,1.286,0.0314175246017081,0.0,,0.19274653564748512
TOI-1516,TOI-1516 b,1.14,1.36,0.033080783166886,0.0,,0.17990714339906552
TOI-1601,TOI-1601 b,2.19,1.239,0.0687254969984968,0.036,-180.0,0.15701042122579667
TOI-163,TOI-163 b,1.65,1.489,0.0578576211939439,0.0,,0.14492223706831295
TOI-1670,TOI-1670 c,1.32,0.987,0.2471355832349084,0.09,105.5,0.0293047664419616
TOI-1694,TOI-1694 b,0.82,0.485,0.0447633212804348,0.0,,0.0903677804062198
TOI-169,TOI-169 b,1.29,1.086,0.0352894243917768,0.0,,0.18470395334428139
TOI-1685,TOI-1685 b,0.49,0.152,0.0118920916184978,0.0,,0.19772542944429086
TOI-1693,TOI-1693 b,0.46,0.126,0.0225647217145746,0.0,,0.09747204841186556
TOI-172,TOI-172 b,1.78,0.965,0.0913561578691324,0.3806,57.1,0.14760931251567777
TOI-1710,TOI-1710 b,0.97,0.476,0.163131872263731,0.16,17.0,0.031204243986518387
TOI-1696,TOI-1696 b,0.28,0.276,0.0230273479950374,0.0,90.0,0.06227507032424793
TOI-1728,TOI-1728 b,0.62,0.451,0.0390454200688225,0.057,45.0,0.08283241238745143
TOI-1759,TOI-1759 b,0.6,0.28,0.1176460147801761,0.0,90.0,0.024854992519327376
TOI-178,TOI-178 d,0.65,0.229,0.0594377374462668,0.0,,0.05269785989986381
TOI-178,TOI-178 e,0.65,0.197,0.0785456501887088,0.0,,0.03968327882114702
TOI-178,TOI-178 g,0.65,0.256,0.1279403835831406,0.0,,0.024582892626964347
TOI-1789,TOI-1789 b,2.17,1.44,0.0488800825536299,0.0,,0.22053322082927784
TOI-1807,TOI-1807 b,0.68,0.112,0.0119358922293804,0.0,,0.2694261861566982
TOI-181,TOI-181 b,0.74,0.634,0.0502020369184678,0.1543,-96.91,0.06470075700276821
TOI-1811,TOI-1811 b,0.77,0.994,0.043955916121338,0.052,21.0,0.09424603255787625
TOI-1820,TOI-1820 b,1.51,1.14,0.0569375658416628,0.043,9.0,0.13404186890026798
TOI-1860,TOI-1860 b,0.94,0.117,0.0203718534394973,0.0,,0.21732695531366772
TOI-1842,TOI-1842 b,2.02,1.04,0.1001767636393442,0.0,,0.09873501389403971
TOI-1937 A,TOI-1937 A b,1.08,1.247,0.0193131602120228,0.0,,0.2909124671898818
TOI-1899,TOI-1899 b,0.61,1.15,0.158550850389093,0.118,-13.0,0.021084866848092812
TOI-2046,TOI-2046 b,1.21,1.44,0.0266972436577528,0.0,,0.2365500180613363
TOI-2025,TOI-2025 b,1.46,1.061,0.0891938196436785,0.394,91.8,0.13497713733471042
TOI-201,TOI-201 b,1.32,1.008,0.3030489525552918,0.28,82.0,0.030276739773467162
TOI-2048,TOI-2048 b,0.79,0.233,0.1058432055971133,0.13,,0.03637728475809069
TOI-2076,TOI-2076 c,0.77,0.312,0.1396002629012003,0.0,,0.02671888145636793
TOI-2076,TOI-2076 b,0.77,0.225,0.0870891375781179,0.0,,0.042351849571424426
TOI-2076,TOI-2076 d,0.77,0.288,0.1966113912789907,0.0,,0.018912909285084902
TOI-206,TOI-206 b,0.35,0.116,0.0112543415664076,0.0,,0.14955111267066754
TOI-2109,TOI-2109 b,1.7,1.347,0.0170149174617441,0.0,,0.5024719195838939
TOI-2081,TOI-2081 b,0.53,0.182,0.0765000024203752,0.0,,0.03335587407894696
TOI-2096,TOI-2096 c,0.24,0.171,0.0413112895817049,0.1,200.0,0.028286440266305463
TOI-2136,TOI-2136 b,0.34,0.195,0.0540008544778138,0.0,90.0,0.03100595931146525
TOI-2154,TOI-2154 b,1.4,1.453,0.0513148595604002,0.117,31.0,0.15093543822996147
TOI-2145,TOI-2145 b,2.75,1.069,0.1108032095187768,0.208,93.0,0.15151664057382438
TOI-2152,TOI-2152 A b,1.61,1.281,0.050689981462175,0.057,96.0,0.1693918814820143
TOI-2158,TOI-2158 b,1.41,0.96,0.0853796461802928,0.0,52.0,0.08217342041433122
TOI-216,TOI-216.01,0.75,0.901,0.1903329219600839,0.0046,190.0,0.02057125078102366
TOI-216,TOI-216.02,0.75,0.714,0.1194292947651747,0.16,291.8,0.02801560735255762
TOI-2202,TOI-2202 b,0.79,1.01,0.0956030343472338,0.042,84.1,0.04537350310181499
TOI-2207,TOI-2207 b,1.56,0.995,0.0855137158045838,0.174,,0.09321991782785535
TOI-2260,TOI-2260 b,0.94,0.145,0.0097398497575649,0.0,,0.45593454095371283
TOI-2236,TOI-2236 b,1.57,1.282,0.0500731894827867,0.0,,0.15804654014887662
TOI-2338,TOI-2338 b,1.05,1.0,0.1562781256754292,0.676,12.6,0.07248675638696019
TOI-2364,TOI-2364 b,0.89,0.768,0.0486740488861164,0.0,,0.09257374192875709
TOI-2337,TOI-2337 b,3.22,0.9,0.0446320571975365,0.019,-0.341,0.34523235320549933
TOI-2421,TOI-2421 b,1.75,0.925,0.0543379039944315,0.0,,0.15790763888164341
TOI-2411,TOI-2411 b,0.68,0.15,0.0144086286905001,0.0,,0.22444897306350134
TOI-237,TOI-237 b,0.21,0.128,0.0341879038450647,0.0,,0.030354847896813978
TOI-2497,TOI-2497 b,2.36,0.994,0.116631246230627,0.195,-20.0,0.09524798616587903
TOI-2427,TOI-2427 b,0.65,0.161,0.0201656615360934,0.0,,0.1537140117613856
TOI-251,TOI-251 b,0.88,0.244,0.0575380498403214,0.0,,0.07315189617911146
TOI-2445,TOI-2445 b,0.27,0.112,0.0063716613054335,0.0,,0.20546452204363955
TOI-2567,TOI-2567 b,1.69,0.975,0.0672369413218209,0.0,,0.12381938629777885
TOI-257,TOI-257 b,1.87,0.639,0.1529991397447028,0.0,,0.058835287441132755
TOI-2525,TOI-2525 b,0.79,0.774,0.1512822764377527,0.17,345.9,0.026385427980866665
TOI-2570,TOI-2570 b,1.09,1.217,0.0414336235317628,0.0,,0.13637732938598898
TOI-2583 A,TOI-2583 A b,1.48,1.29,0.0572157444421979,0.0,,0.13106838908796073
TOI-2587 A,TOI-2587 A b,1.73,1.077,0.0635974352964301,0.0,,0.1345966342951919
TOI-2669,TOI-2669 b,4.1,1.76,0.0700689535325525,0.09,-1.22,0.28589155413603246
TOI-270,TOI-270 c,0.38,0.21,0.0454483992715313,0.027,10.0,0.041314109853950974
TOI-269,TOI-269 b,0.4,0.247,0.0342163426198984,0.425,74.0,0.09938659589295541
TOI-270,TOI-270 b,0.38,0.108,0.0321009407729672,0.034,0.0,0.05672404223532489
TOI-270,TOI-270 d,0.38,0.19,0.0723928431848875,0.032,-6.0,0.025605582164666168
TOI-2803 A,TOI-2803 A b,1.25,1.616,0.0318790522361884,0.0,,0.20657331791188596
TOI-2818,TOI-2818 b,1.23,1.363,0.0493437555244851,0.0,,0.12912363216437747
TOI-277,TOI-277 b,0.36,0.236,0.0267650970046902,0.0,,0.06676423837484728
TOI-2842,TOI-2842 b,1.27,1.146,0.0476239343307445,0.0,,0.1355150642640714
TOI-3023,TOI-3023 b,1.67,1.466,0.0504061646468792,0.0,,0.16797297961177649
TOI-2977,TOI-2977 b,1.07,1.174,0.0339167167956991,0.0,,0.16325424859282758
TOI-3235,TOI-3235 b,0.37,1.017,0.0270045777550016,0.0,,0.08171546378783036
TOI-3364,TOI-3364 b,1.42,1.091,0.0675882036937281,0.0,,0.10541849055687016
TOI-3331 A,TOI-3331 A b,0.95,1.158,0.0314828664112074,0.0,,0.1579063884123235
TOI-3362,TOI-3362 b,1.83,1.142,0.1527892150361816,0.815,50.873,0.2881266893956241
TOI-3629,TOI-3629 b,0.6,0.74,0.0418582330711647,0.05,-110.0,0.07175925327488056
TOI-3757,TOI-3757 b,0.62,1.071,0.0384518671652905,0.14,130.0,0.09971900214246786
TOI-3693,TOI-3693 b,0.79,1.124,0.0814251415293309,0.0,,0.05171649048352019
TOI-3688 A,TOI-3688 A b,1.3,1.167,0.0456271037817997,0.0,,0.14472341604892927
TOI-3714,TOI-3714 b,0.51,1.01,0.0264419393906136,0.03,100.0,0.1112395865993759
TOI-3912,TOI-3912 b,1.39,1.274,0.0464069750076049,0.0,,0.1524121554533758
TOI-3819,TOI-3819 b,1.54,1.172,0.0461118569196604,0.0,,0.1674582733095795
TOI-3976 A,TOI-3976 A b,1.5,1.095,0.0742891412029796,0.0,,0.10094335794299743
TOI-3884,TOI-3884 b,0.3,0.535,0.0351537216796874,0.0,190.0,0.046959856830869035
TOI-4087,TOI-4087 b,1.11,1.164,0.0447307649934221,0.0,,0.12783791785075735
TOI-411,TOI-411 c,1.16,0.244,0.0911498499938978,0.16,10.0,0.06377501830759988
TOI-4137,TOI-4137 b,1.44,1.211,0.0521986287342865,0.0,,0.13937919969895565
TOI-431,TOI-431 b,0.73,0.114,0.0112059017733535,0.0,0.0,0.30781289570060894
TOI-4145 A,TOI-4145 A b,0.86,1.187,0.0483519169187621,0.0,,0.09444636138462205
TOI-421,TOI-421 b,0.87,0.239,0.0556607824941167,0.163,128.9,0.08652054214453664
TOI-421,TOI-421 c,0.87,0.454,0.1181338618185044,0.152,114.7,0.04203947309383901
TOI-431,TOI-431 d,0.73,0.294,0.0969001127645651,0.0,0.0,0.03648439597630158
TOI-4329,TOI-4329 b,2.31,1.5,0.0462288999788979,0.068,0.285,0.24912013332695337
TOI-4342,TOI-4342 c,0.6,0.215,0.0814680514451281,0.0,,0.035511192710593824
TOI-4342,TOI-4342 b,0.6,0.202,0.0525555595092,0.0,,0.05492882338330129
TOI-451,TOI-451 b,0.88,0.17,0.0291052492075536,0.0,0.0,0.14339864349954473
TOI-4406,TOI-4406 b,1.29,1.0,0.2007517606957277,0.15,39.0,0.03612209237514795
TOI-4463 A,TOI-4463 A b,1.06,1.183,0.0404289771653254,0.0,,0.13591351744222768
TOI-4479,TOI-4479 b,0.45,0.252,0.0165586502705961,0.0,,0.1336545941793536
TOI-451,TOI-451 c,0.88,0.277,0.0844865885378752,0.0,0.0,0.050005427369786117
TOI-451,TOI-451 d,0.88,0.363,0.1241009529490745,0.0,0.0,0.03437432826016366
TOI-481,TOI-481 b,1.66,0.99,0.0970487013025685,0.153,64.8,0.09841115563283487
TOI-4603,TOI-4603 b,2.74,1.042,0.0887114537322422,0.325,20.4,0.1857819143533407
TOI-4791,TOI-4791 b,1.41,1.11,0.0554735617967989,0.0,,0.12776575915107047
TOI-500,TOI-500 b,0.68,0.104,0.0118653685832306,0.063,228.5,0.25896014546843144
TOI-530,TOI-530 b,0.54,0.83,0.0545641108474516,0.0,90.0,0.053293359185526
TOI-5205,TOI-5205 b,0.39,1.03,0.0198246026063501,0.02,-42.0,0.11480506588783408
TOI-544,TOI-544 b,0.66,0.181,0.024829961244167,0.0,,0.1270967467956505
TOI-532,TOI-532 b,0.61,0.519,0.0296349534440505,0.0,90.0,0.10409371088879468
TOI-540,TOI-540 b,0.19,0.081,0.012266269207437,0.0,,0.07518979232330772
TOI-559,TOI-559 b,1.23,1.091,0.0722661520885651,0.151,-62.3,0.07656656878603502
TOI-561,TOI-561 c,0.84,0.26,0.0890839711505681,0.03,291.0,0.044017865802133405
TOI-561,TOI-561 b,0.84,0.127,0.0106662242869372,0.0,90.0,0.3719296532972682
TOI-564,TOI-564 b,1.09,1.02,0.0273598316631079,0.072,94.0,0.2188093461690734
TOI-620,TOI-620 b,0.55,0.335,0.0483851902319939,0.22,-84.0,0.04611306376108533
TOI-640,TOI-640 b,2.08,1.771,0.0661651072389266,0.05,159.0,0.16224033405858226
TOI-677,TOI-677 b,1.28,1.17,0.1038263062424328,0.435,70.47,0.10906859734114155
TOI-628,TOI-628 b,1.34,1.06,0.0485452506186044,0.072,-74.0,0.12986895228911788
TOI-674,TOI-674 b,0.42,0.468,0.023104608021738,0.0,,0.09421717411293773
TOI-700,TOI-700 b,0.42,0.082,0.067974531139612,0.075,-150.0,0.02837117211903101
TOI-700,TOI-700 c,0.42,0.232,0.0933276688992659,0.068,30.0,0.022974544449452027
TOI-712,TOI-712 b,0.67,0.183,0.0792746536055047,0.54,68.0,0.08559890786431981
TOI-712,TOI-712 c,0.67,0.241,0.2447294147964902,0.089,115.0,0.014381104292499922
TOI-776,TOI-776 c,0.54,0.18,0.099849796625407,0.04,-11.0,0.02585463989793132
TOI-776,TOI-776 b,0.54,0.165,0.0650986043743068,0.06,-67.0,0.03772575321353305
TOI-824,TOI-824 b,0.7,0.261,0.0217924341169809,0.0,,0.15510234100944392
TOI-836,TOI-836 b,0.67,0.152,0.0420617544536478,0.053,9.0,0.07664788786456957
TOI-833,TOI-833 b,0.6,0.113,0.0170704339134199,0.0,,0.16662039464204095
TOI-836,TOI-836 c,0.67,0.231,0.0722668020867564,0.078,-28.0,0.043271489453608744
TOI-837,TOI-837 b,1.02,0.77,0.0835438818063903,0.0,,0.061182880931805586
TOI-892,TOI-892 b,1.39,1.07,0.1027831467118325,0.0,,0.06786615153958653
TOI-942,TOI-942 c,0.89,0.417,0.0859707971258811,0.32,20.0,0.0623708844375873
TOI-942,TOI-942 b,0.89,0.347,0.0486555727399566,0.34,-16.0,0.09066300505726611
TOI-905,TOI-905 b,0.92,1.171,0.0467077835618171,0.024,39.0,0.10520617165596761
TOI-954,TOI-954 b,1.89,0.852,0.0496523797233256,0.14,276.0,0.1626174346193353
TOI-969,TOI-969 b,0.67,0.247,0.0263231695670212,0.0,,0.12285196122524789
TRAPPIST-1,TRAPPIST-1 c,0.12,0.098,0.015828734148438,0.00654,282.45,0.037972239777176044
TRAPPIST-1,TRAPPIST-1 b,0.12,0.1,0.0115561700439944,0.00622,336.86,0.0523000280713683
TRAPPIST-1,TRAPPIST-1 d,0.12,0.07,0.0222972755538795,0.00837,-8.73,0.026496449345629818
TRAPPIST-1,TRAPPIST-1 g,0.12,0.101,0.046900009747221,0.00208,191.34,0.012922770381983948
TRAPPIST-1,TRAPPIST-1 f,0.12,0.093,0.0385567156962037,0.01007,368.81,0.015652025457915174
TRAPPIST-1,TRAPPIST-1 e,0.12,0.082,0.0293048109414087,0.0051,108.37,0.020479564103176185
TRAPPIST-1,TRAPPIST-1 h,0.12,0.067,0.0619951921532971,0.00567,338.92,0.009498971677460749
TrES-3,TrES-3 b,0.83,1.336,0.0228430668620342,0.0,270.5,0.19692429695048466
TrES-4,TrES-4 b,1.66,1.61,0.0467956604767234,0.0,80.6,0.1814096802099327
TrES-1,TrES-1 b,0.85,1.13,0.0415498705108638,0.0,,0.10813313987390624
TrES-2,TrES-2 b,1.12,1.36,0.0396559383150949,0.0,24.0,0.14773222131801395
TrES-5,TrES-5 b,0.87,1.194,0.0245820435067283,0.0,,0.18780019455308863
V1298 Tau,V1298 Tau c,1.34,0.499,0.0825421115367199,0.0,92.0,0.07838538857321393
V1298 Tau,V1298 Tau b,1.34,0.916,0.1688655511576776,0.0,85.0,0.03949519276310656
V1298 Tau,V1298 Tau d,1.34,0.572,0.1083286954911841,0.0,88.0,0.06004855643881114
WASP-10,WASP-10 b,0.7,1.08,0.0377724224252595,0.0473,165.6,0.1012477583995842
WASP-100,WASP-100 b,1.57,1.33,0.0360789544408398,0.0,,0.21998512459971892
WASP-1,WASP-1 b,1.47,1.483,0.0389635126718028,0.0,91.1,0.19364025221342632
WASP-103,WASP-103 b,1.44,1.528,0.0198750159072206,0.0,,0.37367998548249726
WASP-101,WASP-101 b,1.31,1.43,0.0514494504684741,0.0,,0.1316923929955638
WASP-104,WASP-104 b,0.96,1.137,0.0292404708259914,0.0,,0.1712631321745412
WASP-105,WASP-105 b,0.9,0.96,0.0745548459711805,0.0,,0.06229238618646713
WASP-106,WASP-106 b,1.31,1.02,0.0844797346615795,0.0,,0.07788334718159175
WASP-11,WASP-11 b,0.89,1.11,0.0528737816085728,0.0,146.0,0.0883117987408041
WASP-110,WASP-110 b,0.86,1.238,0.0467057162660753,0.0,,0.09829707379764843
WASP-107,WASP-107 b,0.67,0.94,0.0550932493382187,0.06,40.0,0.06744755076058806
WASP-118,WASP-118 b,1.7,1.44,0.0545508844093432,0.0,0.0,0.1575402950905934
WASP-117,WASP-117 b,1.22,1.06,0.0991013364747238,0.3,242.0,0.050377080654143126
WASP-113,WASP-113 b,1.61,1.409,0.0589237358916478,0.0,0.0,0.13849436938692164
WASP-114,WASP-114 b,1.43,1.339,0.0285394399390101,0.012,-71.0,0.2525765116261644
WASP-120,WASP-120 b,1.87,1.473,0.0514479895939924,0.057,-27.0,0.17856683053903746
WASP-12,WASP-12 b,1.66,1.937,0.0233899919076299,0.0447,272.7,0.353825283038998
WASP-119,WASP-119 b,1.2,1.4,0.0363127546527427,0.0,,0.1721051756189435
WASP-121,WASP-121 b,1.46,1.753,0.0255128822056387,0.0,10.0,0.29896391957944857
WASP-124,WASP-124 b,1.02,1.24,0.0450504253569686,0.0,,0.11844651292536715
WASP-127,WASP-127 b,1.33,1.311,0.0499437611055481,0.0,,0.13638622721106525
WASP-123,WASP-123 b,1.29,1.318,0.0427136794737173,0.0,,0.15519542691410446
WASP-126,WASP-126 b,1.27,0.931,0.0449804447161714,0.0,,0.14119498469538733
WASP-129,WASP-129 b,0.9,0.93,0.062845655983915,0.0,,0.07367036511510008
WASP-13,WASP-13 b,1.37,1.22,0.0467980110755829,0.0,,0.14859972209912342
WASP-131,WASP-131 b,1.53,1.22,0.0608709257844915,0.0,,0.12646836076770496
WASP-130,WASP-130 b,0.96,0.89,0.101394357639055,0.0,,0.048225313436035554
WASP-135,WASP-135 b,0.96,1.3,0.0243614218282291,0.0,,0.20876086214062103
WASP-133,WASP-133 b,1.44,1.21,0.034559834555801,0.0,,0.21050231569016856
WASP-132,WASP-132 b,0.75,0.897,0.0668073122740457,0.07,-5.0,0.058553400257537996
WASP-14,WASP-14 b,1.4,1.38,0.0394225551399145,0.09,251.61,0.16770456682489338
WASP-136,WASP-136 b,2.21,1.38,0.0660469123374298,0.0,,0.16559482757289448
WASP-138,WASP-138 b,1.36,1.09,0.0494691569046072,0.0,,0.13837997069332053
WASP-139,WASP-139 b,0.8,0.8,0.0623651877634539,0.0,,0.0657849283861225
WASP-140,WASP-140 b,0.87,1.44,0.0323332991147842,0.047,,0.14673897973010078
WASP-141,WASP-141 b,1.37,1.21,0.0468636084192484,0.0,,0.1482897440040816
WASP-144,WASP-144 b,0.81,0.85,0.0316102306811004,0.0,,0.13201703115181157
WASP-142,WASP-142 b,1.64,1.53,0.0347894864174443,0.0,,0.240243411373881
WASP-15,WASP-15 b,1.48,1.41,0.0499728048465449,0.0,240.0,0.15121270094838798
WASP-147,WASP-147 b,1.43,1.115,0.0549049583756209,0.0,,0.13082644566220508
WASP-148,WASP-148 b,0.91,0.756,0.0820877584874205,0.208,60.6,0.06908346932426651
WASP-145 A,WASP-145 A b,0.68,0.9,0.0261428406399761,0.0,,0.1374151661335394
WASP-156,WASP-156 b,0.76,0.51,0.045284374170219,0.0,,0.08343013200155766
WASP-151,WASP-151 b,1.18,1.187,0.0550409196994742,0.0,-50.0,0.11000564989676867
WASP-150,WASP-150 b,1.65,1.07,0.0692889014689803,0.3775,,0.13775386106904938
WASP-153,WASP-153 b,1.73,1.55,0.0481742129987264,0.0,,0.18238066163409658
WASP-157,WASP-157 b,1.1,0.998,0.049912471888687,0.0,,0.11204519609989635
WASP-159,WASP-159 b,2.11,1.38,0.0538576674980104,0.0,,0.19443805906613768
WASP-158,WASP-158 b,1.39,1.07,0.0517503920272949,0.0,,0.1347911839350254
WASP-16,WASP-16 b,1.14,1.22,0.0506644389414559,0.0,97.0,0.11614781676358425
WASP-160 B,WASP-160 B b,0.87,1.09,0.0452767434340326,0.0,,0.10086439921336487
WASP-161,WASP-161 b,1.71,1.143,0.0673257744254788,0.0,,0.1262299989146249
WASP-162,WASP-162 b,1.11,1.0,0.0871141803950032,0.434,-1.9,0.07861824928160425
WASP-163,WASP-163 b,1.01,1.202,0.0266282060065056,0.0,,0.19796305933427358
WASP-166,WASP-166 b,1.22,0.63,0.064223413777647,0.0,,0.09302905659394888
WASP-165,WASP-165 b,1.75,1.26,0.0483138313382573,0.0,,0.1809101977174311
WASP-164,WASP-164 b,0.93,1.128,0.0282472856227561,0.0,,0.17219352034474267
WASP-167,WASP-167 b,1.79,1.58,0.0365514108111503,0.0,,0.24840107425823238
WASP-168,WASP-168 b,1.12,1.5,0.0519220537486925,0.0,,0.11412039120745782
WASP-17,WASP-17 b,1.49,1.87,0.0620576707743572,0.0,-82.6,0.1260578884282851
WASP-169,WASP-169 b,2.01,1.304,0.068182535509096,0.0,,0.14623412801248423
WASP-170,WASP-170 b,0.94,1.096,0.0337405790216719,0.0,,0.14508380537719115
WASP-173 A,WASP-173 A b,1.11,1.2,0.0247532249249489,0.0,,0.23170686163569026
WASP-174,WASP-174 b,1.35,1.437,0.055065227375144,0.0,,0.1264839088923888
WASP-172,WASP-172 b,1.91,1.57,0.0695083414634901,0.0,,0.13858317771102865
WASP-171,WASP-171 b,1.64,0.98,0.0504185134360768,0.0,,0.16055814360206472
WASP-178,WASP-178 b,1.67,1.81,0.0558250951953872,0.0,,0.1546127121719058
WASP-177,WASP-177 b,0.89,1.58,0.0396587434618667,0.0,,0.12340252738928822
WASP-175,WASP-175 b,1.2,1.208,0.0440385511384645,0.0,,0.13982878893694495
WASP-176,WASP-176 b,1.93,1.505,0.0534889909005835,0.0,,0.18124539043943258
WASP-18,WASP-18 b,1.32,1.24,0.0204794780080361,0.0051,-85.0,0.3270191574726405
WASP-181,WASP-181 b,0.97,1.184,0.0542411102888013,0.0,,0.09359654157365188
WASP-182,WASP-182 b,1.34,0.85,0.0452290476108385,0.0,,0.14676047379918875
WASP-180 A,WASP-180 A b,1.19,1.24,0.0484185366501749,0.0,,0.12653511748953084
WASP-185,WASP-185 b,1.5,1.25,0.090510223397552,0.24,-42.0,0.07452679470509715
WASP-184,WASP-184 b,1.65,1.33,0.0628357304383157,0.0,,0.1322316238072431
WASP-183,WASP-183 b,0.87,1.47,0.0462709088924829,0.0,,0.10262196160469117
WASP-186,WASP-186 b,1.47,1.11,0.0614098086381935,0.33,173.0,0.14003278735679964
WASP-189,WASP-189 b,2.36,1.619,0.0483686214143894,0.0,,0.2429015670063358
WASP-190,WASP-190 b,1.6,1.15,0.066358474292542,0.0,,0.12041154322266387
WASP-19,WASP-19 b,1.01,1.415,0.0165515792698793,0.0126,51.0,0.32786410388741216
WASP-187,WASP-187 b,2.83,1.64,0.06742938387818,0.0,0.0,0.20680256189037333
WASP-2,WASP-2 b,0.87,1.081,0.0315202276275029,0.0054,267.0,0.143972279181773
WASP-20,WASP-20 b,1.39,1.462,0.0600379651932553,0.0,,0.11930503028212523
WASP-192,WASP-192 b,1.32,1.23,0.0407875414471593,0.0,,0.16491376493762985
WASP-21,WASP-21 b,1.06,1.07,0.0521418025486354,0.0,,0.10434703344343166
WASP-23,WASP-23 b,0.77,0.962,0.0370358268253298,0.0,,0.10909961107243021
WASP-25,WASP-25 b,0.8,1.07,0.0414742589645616,0.0,0.0,0.10203246621257234
WASP-22,WASP-22 b,1.24,1.23,0.0515360851541325,0.02,27.0,0.12446913912804851
WASP-24,WASP-24 b,1.42,1.38,0.038904130492765,0.0,70.0,0.18669374773533084
WASP-28,WASP-28 b,1.08,1.219,0.0442118988734673,0.0,,0.12677713880788524
WASP-29,WASP-29 b,0.79,0.77,0.0446490929008424,0.03,,0.09060629410910974
WASP-3,WASP-3 b,1.44,1.42,0.0346241993130508,0.0,79.0,0.2130094903485542
WASP-26,WASP-26 b,1.22,1.21,0.0366161016825156,0.0,,0.17073970518928358
WASP-33,WASP-33 b,1.44,1.593,0.0255954581372943,0.0,,0.2913782108659852
WASP-32,WASP-32 b,0.95,0.96,0.0341930271342857,0.0,130.0,0.1426233074130929
WASP-34,WASP-34 b,0.91,1.0,0.0512287980176472,0.04,319.8,0.08970682957929153
WASP-31,WASP-31 b,1.25,1.549,0.0465834369690912,0.0,,0.14067967258391595
WASP-36,WASP-36 b,0.99,1.327,0.0267659633845409,0.0,,0.19570110434565566
WASP-35,WASP-35 b,1.08,1.3,0.0428801211701012,0.0,,0.1316173401833368
WASP-38,WASP-38 b,1.52,1.23,0.0854695441741996,0.03,-22.2,0.08864620809999296
WASP-37,WASP-37 b,1.0,1.16,0.044716556888122,0.0,,0.11639592236353866
WASP-39,WASP-39 b,0.9,1.27,0.048614240059067,0.0,0.0,0.09857906957458548
WASP-4,WASP-4 b,0.89,1.321,0.0226174564781797,0.0,288.0,0.21090853008695465
WASP-42,WASP-42 b,0.89,1.122,0.056158476485133,0.062,159.0,0.08542664595413979
WASP-41,WASP-41 b,0.83,1.1,0.0384160543116244,0.0,,0.11415987034543752
WASP-44,WASP-44 b,0.91,1.1,0.0346176622936472,0.0,,0.13743299937235756
WASP-46,WASP-46 b,0.86,1.174,0.0233658329136783,0.0,,0.19517600794559578
WASP-45,WASP-45 b,0.86,0.946,0.0396640741426814,0.0,,0.11222977316505935
WASP-43,WASP-43 b,0.6,0.93,0.0142329719045527,0.0,90.0,0.22726962897394987
WASP-47,WASP-47 b,1.14,1.128,0.0513181391769186,0.0028,30.0,0.11397179363232038
WASP-48,WASP-48 b,1.58,1.5,0.0312021290528205,0.0,,0.25846249185387044
WASP-49,WASP-49 b,0.97,1.11,0.0376759102153112,0.0,90.0,0.13381006887816846
WASP-52,WASP-52 b,0.79,1.27,0.027148893701956,0.0,,0.15767843807514373
WASP-50,WASP-50 b,0.84,1.166,0.0294554801506815,0.009,44.0,0.15249751531294647
WASP-5,WASP-5 b,1.03,1.087,0.0267419386350084,0.038,34.38,0.20309763394204466
WASP-53,WASP-53 b,0.8,1.074,0.0410413456757009,0.0,,0.10315530435957096
WASP-54,WASP-54 b,1.76,1.58,0.0480139845969978,0.07,62.0,0.1986750300220273
WASP-56,WASP-56 b,0.96,0.94,0.0484457582106508,0.0,,0.10142620498477209
WASP-55,WASP-55 b,1.09,1.33,0.0549903230777445,0.0,,0.10373841584398036
WASP-57,WASP-57 b,0.93,1.05,0.03777073291667,0.0,,0.12779004821050277
WASP-58,WASP-58 b,1.22,1.43,0.0585237119169795,0.0,,0.10862194124035295
WASP-6,WASP-6 b,0.73,1.03,0.0360045637713435,0.05,1.7,0.1083916664443331
WASP-60,WASP-60 b,1.17,0.88,0.0549230371305858,0.0,,0.10672377500954479
WASP-61,WASP-61 b,1.55,1.41,0.0587982532776722,0.0,,0.13405254516418086
WASP-62,WASP-62 b,1.23,1.32,0.0545487539812096,0.0,,0.1164260411251709
WASP-63,WASP-63 b,1.86,1.41,0.0569092120397092,0.0,,0.16383464152469066
WASP-64,WASP-64 b,1.06,1.271,0.0264929085224644,0.0,,0.20899552061865528
WASP-67,WASP-67 b,0.88,1.15,0.0526035836784195,0.0,,0.088244745756325
WASP-65,WASP-65 b,1.01,1.112,0.033419828724056,0.0,,0.1564457634888655
WASP-66,WASP-66 b,1.76,1.4,0.055048199479604,0.0,,0.16083858812016483
WASP-70 A,WASP-70 A b,1.22,1.164,0.0486238484542415,0.0,,0.1281231218297989
WASP-69,WASP-69 b,0.86,1.11,0.0479365677239959,0.0,90.0,0.09449706053913208
WASP-68,WASP-68 b,1.79,1.32,0.0661413399215491,0.0,,0.13539425042044428
WASP-7,WASP-7 b,1.43,1.33,0.0618018686774461,0.034,109.0,0.12181979899583385
WASP-73,WASP-73 b,2.55,1.42,0.0681306152183507,0.0,,0.18401861877934186
WASP-74,WASP-74 b,1.42,1.36,0.0322827177546487,0.0,,0.22468988172420026
WASP-71,WASP-71 b,1.82,1.18,0.0363769393765539,0.0,,0.24817277326451398
WASP-72,WASP-72 b,2.18,1.29,0.0468180784493325,0.0,,0.22970832835054472
WASP-76,WASP-76 b,1.73,1.83,0.032997057953118,0.0,,0.2703227455549385
WASP-77 A,WASP-77 A b,0.91,1.23,0.023211487432178,0.0074,-166.0,0.20728402407442045
WASP-75,WASP-75 b,1.26,1.27,0.0375274129937404,0.0,,0.17231442967100774
WASP-78,WASP-78 b,2.46,1.93,0.0405073771556916,0.0,,0.30519097310012205
WASP-8,WASP-8 b,1.03,1.13,0.0875063842310434,0.31,274.215,0.04655258088521082
WASP-79,WASP-79 b,1.6,1.67,0.0524257198128009,0.0,,0.1571524714626478
WASP-81,WASP-81 b,1.28,1.429,0.0391202818637724,0.0,,0.16961813724337024
WASP-80,WASP-80 b,0.59,0.999,0.0344843798349757,0.002,94.0,0.09359692444064974
WASP-85 A,WASP-85 A b,0.94,1.24,0.0386529398574786,0.0,,0.12842563662075632
WASP-82,WASP-82 b,2.1,1.62,0.043338454241366,0.0,,0.24320595938752523
WASP-83,WASP-83 b,1.05,1.04,0.0590665537457339,0.0,,0.09108371092406695
WASP-84,WASP-84 b,0.75,0.942,0.0771071647440058,0.0,,0.05107212903228099
WASP-88,WASP-88 b,1.8,1.46,0.0557532351847228,0.0,,0.16265544077221225
WASP-89,WASP-89 b,0.88,1.04,0.0427009131769832,0.193,28.0,0.12175182669143939
WASP-87,WASP-87 b,1.63,1.385,0.0294445334849506,0.0,,0.27992107688193074
WASP-90,WASP-90 b,1.98,1.63,0.0563136625789367,0.0,,0.17734405397366612
WASP-92,WASP-92 b,1.34,1.461,0.0348365583242655,0.0,0.0,0.19892407089712014
WASP-91,WASP-91 b,0.86,1.03,0.0366979498961718,0.0,,0.12239466222928108
WASP-93,WASP-93 b,1.52,1.597,0.0420969710889977,0.0,0.0,0.18604444820197774
WASP-94 A,WASP-94 A b,1.48,1.58,0.0580640869271311,0.0,,0.1315402560248752
WASP-98,WASP-98 b,0.74,1.144,0.0376591994283647,0.0,,0.10589861559882074
WASP-95,WASP-95 b,1.23,1.23,0.0374080413090366,0.0,,0.16862377040816312
WASP-96,WASP-96 b,1.05,1.2,0.0453754683910425,0.0,,0.12025140941887615
WASP-97,WASP-97 b,1.08,1.14,0.0336447110107653,0.0,,0.16547338964984143
WASP-99,WASP-99 b,1.64,1.02,0.0670023701054549,0.0,,0.12110345780012118
XO-1,XO-1 b,0.88,1.14,0.0468303678155592,0.0,,0.09902144994486996
Wolf 503,Wolf 503 b,0.69,0.182,0.0571525038552275,0.409,112.0,0.09551245057420356
XO-2 N,XO-2 N b,0.99,0.993,0.0368064467815764,0.028,261.0,0.13426829014026279
XO-3,XO-3 b,1.54,1.41,0.0354051397474952,0.29,349.35,0.22868219824104316
XO-4,XO-4 b,1.45,1.25,0.0520007091001845,0.0,240.0,0.1411624145823543
XO-5,XO-5 b,1.13,1.14,0.0515531807963761,0.0,331.01,0.11250184078256678
XO-7,XO-7 b,1.48,1.373,0.0442920956436443,0.038,,0.17045349552138622
XO-6,XO-6 b,1.93,2.07,0.0538938578989144,0.0,,0.18489386030993862
HD 39091,pi Men c,1.19,0.184,0.0687283753929025,0.076939,103.3101,0.08844824991948476
