Planet Name,TIC ID,Star Temperature [K],Star Rotational Velocity [km/s],Star Rotation Period [days],P_rot_derived,rotation_source,variability_ppm,variability_source
K2-232b,TIC 68577662,5888.0,4.16,,18.744242240524304,vsini_derived,1095.613348677045,rotation_period
Qatar-10b,TIC 229791084,6124.0,5.9,,13.441374055508637,vsini_derived,1293.8067884652335,rotation_period
WASP-60b,TIC 288246496,5900.0,3.4,,21.204306665107204,vsini_derived,1030.099605352245,rotation_period
WASP-20b,TIC 211438925,5940.0,4.75,,18.532916451453257,not_needed,236.9,TESS_measured
HATS-52b,TIC 19684256,6010.0,4.59,,14.411763984211921,vsini_derived,1249.4897230367208,rotation_period
TOI-1820b,TIC 393831507,5734.0,4.5,25.0,25.0,catalog,948.6832980505138,rotation_period
TOI-2202b,TIC 358107516,5169.0,2.14,22.0,22.0,catalog,1516.9496905422945,rotation_period
TOI-4087b,TIC 310002617,6060.0,,,,not_derived,300.0,stellar_type
WASP-2b,TIC 374530847,5180.0,0.9,,60.851813396434366,vsini_derived,912.1069305896716,rotation_period
K2-237b,TIC 16288184,6180.0,11.76,5.07,5.07,catalog,2106.6252211737155,rotation_period
KELT-20b,TIC 69679391,8720.0,117.4,,0.8430326352030504,vsini_derived,3616.3221002007813,rotation_period
WASP-107b,TIC 429302040,4430.0,2.5,17.1,17.1,catalog,1720.6180040292134,rotation_period
TOI-2498b,TIC 263179590,5905.0,,,15.778665365041215,gyro_derived,1194.1424198916618,rotation_period
WASP-197b,TIC 85266608,6050.0,,,,not_derived,800.0,stellar_type
WASP-187b,TIC 15692883,6150.0,15.3,,11.697502507261872,vsini_derived,1386.8985227790438,rotation_period
Kepler-1517b,TIC 158555987,7358.0,,,,not_needed,750.6,TESS_measured
WASP-170b,TIC 118956453,5600.0,5.6,,10.592853198051367,vsini_derived,1457.420192108026,rotation_period
WASP-61b,TIC 13021029,6250.0,11.1,,7.919357776141667,vsini_derived,1685.567997946548,rotation_period
WASP-37b,TIC 368805700,5800.0,2.4,,26.429432232949054,vsini_derived,922.6720018021992,rotation_period
WASP-46b,TIC 231663901,5600.0,1.9,16.0,16.0,not_needed,757.2,TESS_measured
HD191939b,TIC 269701147,5348.0,1.6,,37.154037336448816,vsini_derived,778.1946709802969,rotation_period
TOI-4914b,TIC 49254857,5805.0,2.4,25.7,25.7,catalog,935.6742923277081,rotation_period
TOI-1898b,TIC 91987762,6241.0,,,,not_derived,300.0,stellar_type
WASP-17b,TIC 66818296,6650.0,10.05,,9.892011718919877,not_needed,312.2,TESS_measured
TOI-5108b,TIC 350348197,5808.0,3.3,,24.721448440499795,vsini_derived,954.0130219664903,rotation_period
WASP-91b,TIC 238176110,4920.0,2.4,,22.661327737124815,vsini_derived,1494.6511555362445,rotation_period
WASP-121b,TIC 22529346,6459.0,13.5,,6.830018778445059,not_needed,308.4,TESS_measured
WASP-172b,TIC 453789494,6900.0,13.7,7.0,7.0,catalog,1254.9900398011134,rotation_period
HATS-51b,TIC 53458803,5758.0,3.98,,22.88113493616435,vsini_derived,991.6364408380974,rotation_period
WASP-173Ab,TIC 77031414,5767.0,7.9,8.4,8.4,catalog,1636.6341767699428,rotation_period
Kepler-138b,TIC 159376971,3841.0,,,38.49124609775915,gyro_derived,1529.115424805371,rotation_period
HD118203b,TIC 286923464,5788.0,3.23,32.0,32.0,not_needed,87.7,TESS_measured
WASP-136b,TIC 176220787,6250.0,12.2,5.4,5.4,catalog,2041.2414523193152,rotation_period
WASP-186b,TIC 411608801,6300.0,14.8,4.8,4.8,catalog,2165.0635094610966,rotation_period
TRAPPIST-1b,TIC 278892590,2566.0,2.04,1.4,1.4,catalog,8017.837257372733,rotation_period
TRAPPIST-1c,TIC 278892590,2566.0,,1.4,1.4,catalog,8017.837257372733,rotation_period
TRAPPIST-1d,TIC 278892590,2566.0,,,,not_derived,3000.0,stellar_type
TRAPPIST-1e,TIC 278892590,2566.0,2.04,,3.6952534422233616,vsini_derived,4935.136163274042,rotation_period
TRAPPIST-1f,TIC 278892590,2566.0,2.04,,3.6952534422233616,vsini_derived,4935.136163274042,rotation_period
TRAPPIST-1g,TIC 278892590,2566.0,,,,not_derived,3000.0,stellar_type
TRAPPIST-1h,TIC 278892590,2566.0,,,,not_derived,3000.0,stellar_type
WASP-148b,TIC 115524421,5555.0,2.0,26.0,26.0,catalog,930.2605094190635,rotation_period
GJ341b,TIC 359271092,3770.0,2.32,,13.809416958653687,not_needed,120.8,TESS_measured
TOI-5882b,TIC 232941965,5920.0,,,16.543554497776924,gyro_derived,1166.210227596081,rotation_period
LHS1678c,TIC 77156829,3490.0,0.53,64.0,64.0,catalog,1185.8541225631423,rotation_period
Kepler-444e,TIC 394172596,5046.0,,,55.1721305949285,gyro_derived,957.9054415349873,rotation_period
WASP-62b,TIC 149603524,6230.0,9.3,,8.772126865983797,not_needed,525.2,TESS_measured
WASP-89b,TIC 77202722,5130.0,2.5,20.2,20.2,catalog,1583.0944756431568,rotation_period
XO-7b,TIC 268403451,6250.0,6.0,3.62,3.62,not_needed,440.2,TESS_measured
K2-415b,TIC 323687123,3173.0,,4.298,4.298,catalog,4576.021424779087,rotation_period
HATS-13b,TIC 289793076,5523.0,2.82,,19.891734490677596,vsini_derived,1063.5427028674396,rotation_period
Qatar-7b,TIC 291685334,6387.0,13.8,5.9,5.9,catalog,1952.8336647123579,rotation_period
TOI-1248b,TIC 232612416,5205.0,,,35.18936957522151,gyro_derived,799.6234388717762,rotation_period
HAT-P-60b,TIC 354469661,6212.0,,,,not_derived,800.0,stellar_type
HATS-3b,TIC 336732616,6351.0,9.12,,9.735772381555458,vsini_derived,1520.2186397047165,rotation_period
TOI-3568b,TIC 160390955,4969.0,1.4,,32.478726863108456,vsini_derived,1248.484111059915,rotation_period
HD77946b,TIC 39699648,6046.0,,13.56,13.56,catalog,1288.1350998238615,rotation_period
TOI-150.01,TIC 271893367,6255.0,7.96,,12.123823580759304,vsini_derived,1362.29591704419,rotation_period
WASP-72b,TIC 122612091,6250.0,6.0,,20.869501823026567,vsini_derived,1038.3295599051082,rotation_period
HAT-P-43b,TIC 468987719,5645.0,2.4,,29.06447034191705,vsini_derived,879.8528650683589,rotation_period
TOI-169b,TIC 183120439,5880.0,2.5,,32.58171920976754,vsini_derived,831.0061938037196,rotation_period
HAT-P-15b,TIC 353459965,5568.0,2.0,,34.1500938922253,vsini_derived,811.6995552782408,rotation_period
Wolf327b,TIC 4918918,3542.0,2.0,44.4,44.4,not_needed,409.3,TESS_measured
TOI-700c,TIC 150428135,3461.0,,54.0,54.0,catalog,1290.9944487358055,rotation_period
TOI-3235b,TIC 243641947,3388.8,,,,not_derived,3000.0,stellar_type
K2-198b,TIC 135043332,5212.9,,,,not_derived,200.0,stellar_type
WASP-69b,TIC 248853232,4700.0,2.2,23.07,23.07,catalog,1481.353544059199,rotation_period
TOI-1296b,TIC 219854185,5603.0,4.0,,26.308220479936526,vsini_derived,924.7951056089016,rotation_period
XO-5b,TIC 9155187,5430.0,1.8,,39.70124084178454,vsini_derived,752.8166551190313,rotation_period
WASP-181b,TIC 293457754,5839.0,3.3,,18.49317654657543,vsini_derived,1103.0253692587037,rotation_period
HATS-65b,TIC 169504920,6277.0,7.83,,10.580536161679944,vsini_derived,1458.2682529227884,rotation_period
TOI-1452b,TIC 420112589,3185.0,,,,not_derived,3000.0,stellar_type
KELT-6b,TIC 165987272,6102.0,5.0,,19.984129018413324,not_needed,206.8,TESS_measured
TOI-1836b,TIC 207468071,6380.0,4.0,20.0,20.0,catalog,1060.6601717798214,rotation_period
HATS-58Ab,TIC 21113347,7175.0,6.22,,14.569812000583202,vsini_derived,869.8859674657815,rotation_period
K2-3b,TIC 173103335,3844.0,,40.71,40.71,catalog,1486.8621413117048,rotation_period
HAT-P-18b,TIC 21744120,4803.0,0.5,,94.73489009361758,vsini_derived,731.017107045082,rotation_period
HD207496b,TIC 290348383,4819.0,,12.36,12.36,not_needed,3207.55,TESS_measured
WASP-45b,TIC 120610833,5150.0,2.3,,23.50912260696669,vsini_derived,1467.453362214449,rotation_period
TOI-1789b,TIC 172518755,5991.0,7.0,15.7,15.7,catalog,1197.1303267014334,rotation_period
K2-198d,TIC 135043332,5212.9,,,,not_derived,200.0,stellar_type
WASP-94Ab,TIC 92352620,6170.0,4.2,,22.284893721557953,vsini_derived,1004.8146894880439,rotation_period
TOI-2193Ab,TIC 401604346,5966.0,,,17.926597282361296,gyro_derived,1120.3206161364365,rotation_period
Kepler-6b,TIC 27916356,5647.0,3.0,,29.322704076595915,vsini_derived,875.9700352617651,rotation_period
GJ367b,TIC 34068865,3522.0,,51.3,51.3,not_needed,133.7,TESS_measured
TOI-451d,TIC 257605131,5550.0,7.9,5.1,5.1,not_needed,3545.2,TESS_measured
WASP-93b,TIC 240681314,6700.0,37.0,1.45,1.45,catalog,2757.435090054174,rotation_period
TOI-1899b,TIC 172370679,3926.0,,,68.8559834947157,gyro_derived,1143.2742231965874,rotation_period
HATS-24b,TIC 380589029,6346.0,9.44,,7.99890381891812,vsini_derived,1677.1658919063707,rotation_period
EPIC211945201b,TIC 243244680,6025.0,4.0,,21.818115542255047,vsini_derived,1015.5063429553835,rotation_period
TOI-1135b,TIC 154872375,6122.0,10.4,5.13,5.13,not_needed,2623.3,TESS_measured
TOI-4137b,TIC 417646390,6202.0,,,,not_derived,300.0,stellar_type
HAT-P-31b,TIC 320798691,6065.0,0.5,,172.01528775343115,vsini_derived,361.66604413230425,rotation_period
WASP-31b,TIC 437248515,6300.0,7.5,,10.464263338333728,vsini_derived,1466.3475871084563,rotation_period
WASP-96b,TIC 160148385,5540.0,1.5,,44.26864023066241,vsini_derived,712.9238896874946,rotation_period
TOI-481b,TIC 339672028,5735.0,4.54,,23.12333001349894,not_needed,207.27,TESS_measured
HAT-P-57b,TIC 317520667,6330.0,102.1,,1.145893163939072,vsini_derived,4431.177988011302,rotation_period
HAT-P-37b,TIC 267572272,5500.0,3.07,,18.0658899405728,vsini_derived,1115.9932787194348,rotation_period
TOI-3976Ab,TIC 154293917,5975.0,,,14.577486965116362,gyro_derived,1242.3670604184667,rotation_period
HAT-P-67b,TIC 198588220,6406.0,35.8,,4.497524262859798,vsini_derived,2236.683333259053,rotation_period
K2-155c,TIC 17307715,4258.0,,34.8,34.8,catalog,1206.1266016925192,rotation_period
TOI-1273b,TIC 445859771,5690.0,2.8,42.0,42.0,catalog,731.9250547113999,rotation_period
TOI-1518b,TIC 427761355,7300.0,85.1,,1.4491161398319916,vsini_derived,2758.275883783394,rotation_period
WASP-149b,TIC 19342878,5750.0,,,7.495918470728515,gyro_derived,1732.522294421065,rotation_period
TIC393818343b,TIC 393818343,5756.0,,,19.41661213392314,gyro_derived,1076.4764455470925,rotation_period
TOI-2407b,TIC 153078576,3530.0,,,,not_derived,2000.0,stellar_type
K2-406b,TIC 292202337,5784.0,,,,not_needed,253.78,TESS_measured
TOI-5803b,TIC 466382581,5134.0,,,,not_derived,1000.0,stellar_type
HD42813b,TIC 33692729,5289.0,1.94,40.0,40.0,catalog,750.0,rotation_period
TOI-837b,TIC 460205581,5995.0,16.8,2.973,2.973,not_needed,6287.5,TESS_measured
LP714-47b,TIC 70899085,3950.0,2.0,33.0,33.0,catalog,1651.445647689541,rotation_period
WASP-26b,TIC 32487566,6034.0,2.9,,26.60479856227003,vsini_derived,919.626064040727,rotation_period
WASP-74b,TIC 244089109,5990.0,4.1,,21.902950915519387,vsini_derived,1013.5377853244348,rotation_period
K2-107b,TIC 414843476,6030.0,4.6,,24.471484351111528,vsini_derived,958.873028058159,rotation_period
WASP-184b,TIC 112099249,6000.0,4.5,,23.188335358918412,vsini_derived,985.0459113541166,rotation_period
LHS1678d,TIC 77156829,3490.0,0.53,64.0,64.0,catalog,1185.8541225631423,rotation_period
TOI-1685b,TIC 28900646,3434.0,2.0,18.66,18.66,catalog,2196.16737190086,rotation_period
HATS-10b,TIC 126325985,5880.0,5.68,,12.3030300439844,vsini_derived,1352.3378913928052,rotation_period
AUMicb,TIC 441420236,3678.0,8.5,4.856,4.856,not_needed,47613.0,TESS_measured
TOI-1410.01,TIC 199444169,4635.0,,,51.55782272454489,gyro_derived,990.9123328565688,rotation_period
HD152843c,TIC 349488688,6310.0,8.38,,10.791707386608806,vsini_derived,1443.9301291644322,rotation_period
LTT1445Ab,TIC 98796344,3337.0,3.4,,5.133674245236483,vsini_derived,4187.039915489759,rotation_period
TOI-3071b,TIC 452006073,6177.0,2.0,26.6,26.6,catalog,919.7090092274487,rotation_period
KELT-11b,TIC 55092869,5375.0,2.66,,63.95415801314818,vsini_derived,593.1395266344665,rotation_period
TOI-178e,TIC 251848941,4316.0,1.5,,27.446556943010698,vsini_derived,1358.121367976724,rotation_period
TOI-178g,TIC 251848941,4316.0,1.5,,27.446556943010698,vsini_derived,1358.121367976724,rotation_period
TOI-2207b,TIC 90850770,6101.0,,,,not_derived,300.0,stellar_type
TOI-244b,TIC 118327550,3433.0,,53.3,53.3,catalog,1299.4442454726297,rotation_period
TOI-913b,TIC 407126408,4969.0,,,,not_derived,1000.0,stellar_type
GJ357b,TIC 413248763,3505.0,,77.8,77.8,catalog,1075.5521090731122,rotation_period
LHS1140b,TIC 92226327,3096.0,,131.0,131.0,catalog,828.8684459933064,rotation_period
LHS1140c,TIC 92226327,3096.0,,131.0,131.0,catalog,828.8684459933064,rotation_period
TOI-2969b,TIC 36452991,4738.0,2.0,26.8,26.8,catalog,1374.4062490084336,rotation_period
TOI-2989b,TIC 97825640,4672.0,2.0,30.0,30.0,catalog,1299.0381056766578,rotation_period
TOI-5300b,TIC 267215820,4610.0,2.0,31.0,31.0,catalog,1277.9141270558957,rotation_period
MASCARA-4b,TIC 371443216,7800.0,43.0,,2.632586910727101,vsini_derived,2046.4349309604904,rotation_period
TOI-1468b,TIC 243185500,3376.0,,42.5,42.5,catalog,1455.2137502179978,rotation_period
TOI-1468c,TIC 243185500,3376.0,,42.5,42.5,catalog,1455.2137502179978,rotation_period
TOI-470b,TIC 37770169,5190.0,,18.28,18.28,catalog,1664.157483921227,rotation_period
TOI-4600b,TIC 232608943,5170.0,2.5,,20.49005633533518,vsini_derived,1571.8494298582968,rotation_period
LP791-18d,TIC 181804752,2960.0,2.0,,5.754923229986115,vsini_derived,3954.590215033068,rotation_period
TOI-5319b,TIC 246965431,3580.0,,,,not_derived,2000.0,stellar_type
SPECULOOS-3b,TIC 230741378,2800.0,4.2,,1.8520553565889384,vsini_derived,6970.987003898888,rotation_period
K2-260b,TIC 293612446,6860.0,16.0,,6.936737821858263,vsini_derived,1260.69972724856,rotation_period
WASP-85Ab,TIC 380619414,6112.0,,15.1,15.1,catalog,1220.6826881567392,rotation_period
WASP-157b,TIC 179012583,5838.0,1.0,,71.71519717367313,vsini_derived,560.1259076310195,rotation_period
WASP-25b,TIC 229047362,5750.0,3.0,,16.86424389739521,vsini_derived,1155.0687166912453,rotation_period
TOI-3894b,TIC 165464482,6000.0,5.27,,18.02426067401869,vsini_derived,1117.2812979155372,rotation_period
KELT-1b,TIC 432549364,6596.04,56.0,,1.651220280603708,not_needed,483.0,TESS_measured
HD28109c,TIC 29781292,6120.0,7.7,,11.876150978392925,vsini_derived,1376.4277000589002,rotation_period
TOI-1478b,TIC 409794137,5597.0,4.3,,15.413134538782131,vsini_derived,1208.2193154803958,rotation_period
WASP-48b,TIC 284475976,5920.0,12.2,,8.190216810825133,vsini_derived,1657.4619217880581,rotation_period
WASP-12b,TIC 86396382,6360.0,2.2,,47.63190705338157,vsini_derived,687.2935593405833,rotation_period
TOI-771b,TIC 277634430,3370.0,,98.0,98.0,catalog,958.3148474999099,rotation_period
WASP-154b,TIC 857186,4774.0,,,,not_derived,1000.0,stellar_type
TOI-1136e,TIC 142276270,5770.0,6.7,,9.136896320529045,not_needed,9673.3,TESS_measured
WASP-71b,TIC 422655579,6059.0,9.4,,15.204730535151528,vsini_derived,1216.4713784493542,rotation_period
LHS3844b,TIC 410153553,3036.0,,,,not_derived,3000.0,stellar_type
K2-32b,TIC 437444661,5271.0,,,40.95430578535927,gyro_derived,741.2103495209151,rotation_period
TOI-5005b,TIC 282485660,5749.0,1.35,21.01,21.01,catalog,1034.8519750117048,rotation_period
K2-32c,TIC 437444661,5271.0,,,40.95430578535927,gyro_derived,741.2103495209151,rotation_period
HD63935b,TIC 453211454,5534.0,,,31.93448892978796,gyro_derived,839.3851351723881,rotation_period
CoRoT-19b,TIC 42821097,6090.0,6.0,,17.391251519188806,vsini_derived,1137.433044168879,rotation_period
HD189733b,TIC 256364928,5050.0,3.5,11.95,11.95,catalog,2058.2520918585674,rotation_period
KELT-17b,TIC 6893917,7454.0,44.2,,2.353649424028432,vsini_derived,2164.3047444531453,rotation_period
TOI-1260b,TIC 355867695,4227.0,1.5,30.63,30.63,catalog,1285.609342296104,rotation_period
WASP-79b,TIC 170634116,6600.0,21.5,,4.441571212511645,not_needed,214.62,TESS_measured
TOI-561c,TIC 377064495,5372.0,2.0,,26.6560455103203,vsini_derived,918.7416361136749,rotation_period
K2-139b,TIC 11023038,5340.0,2.8,17.24,17.24,catalog,1142.4116632600826,rotation_period
Qatar-5b,TIC 190998418,5747.0,4.5,12.1,12.1,not_needed,1690.5,TESS_measured
TOI-431b,TIC 31374837,4850.0,2.5,30.5,30.5,catalog,1288.3462522062034,rotation_period
HATS-60b,TIC 145750719,5688.0,3.84,,24.044722744333015,vsini_derived,967.3449576828414,rotation_period
WASP-55b,TIC 294301883,5900.0,3.1,,22.23632159051707,vsini_derived,1005.9115293402957,rotation_period
WASP-33b,TIC 129979528,7430.0,90.0,,1.0146653411599451,not_needed,748.22,TESS_measured
TOI-2152Ab,TIC 395393265,6630.0,,,,not_derived,300.0,stellar_type
Qatar-6b,TIC 311133118,5063.0,2.88,12.962,12.962,catalog,1976.2710534374673,rotation_period
K2-36c,TIC 363445121,4916.0,2.0,16.9,16.9,catalog,1730.7692307692307,rotation_period
WASP-155b,TIC 100909102,5660.0,,,14.028707212437936,gyro_derived,1266.433626335138,rotation_period
HATS-25b,TIC 437333618,5715.0,3.88,,18.043219711098416,vsini_derived,1116.6941481369777,rotation_period
HAT-P-9b,TIC 371234684,6350.0,11.9,,7.110617122284071,vsini_derived,1778.8429705191159,rotation_period
WASP-178b,TIC 160708862,8640.0,12.28,,9.274990816126456,vsini_derived,1090.2662162447803,rotation_period
TOI-500b,TIC 134200185,4440.0,1.1,,38.97940009920665,vsini_derived,1139.6328062208117,rotation_period
WASP-54b,TIC 61098812,6100.0,4.0,,28.901097979161044,vsini_derived,882.336180319419,rotation_period
GJ3470b,TIC 19028197,3652.0,,21.54,21.54,catalog,2044.082429967391,rotation_period
WASP-58b,TIC 424435940,5800.0,2.8,,26.42566789279339,not_needed,358.6,TESS_measured
Kepler-1656b,TIC 120255950,5731.0,2.8,,24.84464502741259,vsini_derived,951.6447609150686,rotation_period
NGTS-12b,TIC 157230659,5690.0,0.5,,200.9796266472074,vsini_derived,334.5917600932202,rotation_period
TOI-277b,TIC 439456714,4031.0,,,,not_derived,1000.0,stellar_type
TOI-6038Ab,TIC 194736418,6110.0,7.94,,13.126073965478888,not_needed,180.3,TESS_measured
WASP-123b,TIC 31858843,5740.0,1.0,,81.26457528057317,vsini_derived,526.1876178103844,rotation_period
TOI-3714b,TIC 155867025,3660.0,2.0,23.3,23.3,catalog,1965.365346241255,rotation_period
WASP-28b,TIC 398572544,6150.0,3.25,,21.28786479663503,vsini_derived,1028.0759682254275,rotation_period
K2-280b,TIC 119605900,5500.0,3.0,,26.982790235832333,vsini_derived,913.161999688021,rotation_period
HD202772Ab,TIC 290131778,6272.0,,,,not_derived,800.0,stellar_type
HAT-P-29b,TIC 250707118,6115.0,3.9,,20.058720866421034,vsini_derived,1059.1065200289888,rotation_period
TOI-1693b,TIC 353475866,3499.0,,,,not_needed,282.4,TESS_measured
TOI-1803c,TIC 144401492,4687.0,1.0,13.659,13.659,catalog,1925.1876436366065,rotation_period
WASP-92b,TIC 162689341,6280.0,5.73,10.07,10.07,catalog,1494.7774026973705,rotation_period
HAT-P-34b,TIC 278348461,6442.0,24.0,,4.044783497265882,vsini_derived,2358.5420243534113,rotation_period
WASP-80b,TIC 243921117,4143.0,1.27,,29.18045351537478,vsini_derived,1317.153831249323,rotation_period
LHS475b,TIC 369327947,3289.0,,79.317,79.317,catalog,1065.2170640874363,rotation_period
TOI-4010c,TIC 352682207,4960.0,1.3,37.7,37.7,catalog,1158.8089559053606,rotation_period
HATS-33b,TIC 360742636,5659.0,3.87,,16.700830681335177,not_needed,890.7,TESS_measured
TOI-2583Ab,TIC 7548817,5936.0,,,16.73757194075801,gyro_derived,1159.431327513903,rotation_period
HD23472c,TIC 425997655,4684.0,1.45,40.1,40.1,not_needed,147.23,TESS_measured
WASP-83b,TIC 286865921,5510.0,0.5,,132.80592069198727,vsini_derived,411.60679962279005,rotation_period
LP791-18b,TIC 181804752,2960.0,2.0,,5.4070981996023395,vsini_derived,4079.8023730430677,rotation_period
K2-26b,TIC 83181153,3785.0,,,30.184519899485725,gyro_derived,1726.7486233512398,rotation_period
KELT-21b,TIC 203189770,7598.0,146.03,,0.7093653231510652,vsini_derived,3942.3422270690357,rotation_period
XO-4b,TIC 51234631,6397.0,8.8,,10.420377976373459,vsini_derived,1469.4321001362785,rotation_period
TOI-559b,TIC 209459275,5925.0,4.08,,19.11177640210321,vsini_derived,1085.0274642019058,rotation_period
WASP-169b,TIC 386259537,6110.0,4.3,,29.576157974705033,vsini_derived,872.2086319545614,rotation_period
HAT-P-39b,TIC 14770122,6430.0,12.7,,8.091849311004099,vsini_derived,1667.5058482952659,rotation_period
TOI-892b,TIC 66561343,6261.0,7.69,,11.43106258974935,vsini_derived,1402.9686212047354,rotation_period
WASP-5b,TIC 184240683,5700.0,3.24,16.2,16.2,not_needed,396.8,TESS_measured
TOI-1472b,TIC 306955329,5133.0,,,23.229803221774922,not_needed,891.7,TESS_measured
TOI-942c,TIC 146520535,4969.0,13.8,3.39,3.39,catalog,3864.405299471585,rotation_period
K2-24b,TIC 68048686,5743.0,2.0,,38.26075334221538,vsini_derived,766.857201939805,rotation_period
TOI-615b,TIC 190496853,6850.0,16.3,5.38,5.38,catalog,1431.522443266681,rotation_period
TOI-2136b,TIC 336128819,3373.0,,82.56,82.56,catalog,1044.086336980696,rotation_period
TOI-1776b,TIC 21535395,5785.0,,,21.93022647879065,gyro_derived,1012.9072990153215,rotation_period
WASP-130b,TIC 243200602,5625.0,0.5,,121.42255606124552,vsini_derived,430.4686948675118,rotation_period
TOI-2427b,TIC 142937186,4072.0,,,,not_derived,1000.0,stellar_type
L168-9b,TIC 234994474,3842.0,,29.0,29.0,catalog,1761.6606585441104,rotation_period
TOI-216.01,TIC 55652896,5026.0,0.84,,63.090341009005286,not_needed,753.0,TESS_measured
TOI-1807b,TIC 180695581,4730.0,4.2,8.8,8.8,not_needed,3634.45,TESS_measured
HATS-30b,TIC 281459670,5943.0,4.11,,16.325695962715617,vsini_derived,1173.9656964745936,rotation_period
TOI-4153b,TIC 470171739,6860.0,9.44,,10.752295334475361,vsini_derived,1012.6018272170107,rotation_period
TOI-1181b,TIC 229510866,5990.0,10.2,8.7,8.7,not_needed,190.9,TESS_measured
TOI-2570b,TIC 239816546,5771.0,,,20.622750701437354,gyro_derived,1044.5228935015145,rotation_period
HATS-4b,TIC 59843967,5403.0,0.7,,83.56835145584235,vsini_derived,518.8840744549026,rotation_period
HAT-P-62b,TIC 453064665,5629.0,,,32.40908804303076,gyro_derived,833.2164849329539,rotation_period
HD23472f,TIC 425997655,4684.0,1.45,40.1,40.1,not_needed,147.23,TESS_measured
TOI-257b,TIC 200723869,6095.0,,,,not_needed,137.04,TESS_measured
WASP-175b,TIC 448589187,6229.0,4.0,,19.03551529918484,vsini_derived,1087.1987393330248,rotation_period
TOI-2134c,TIC 75878355,4580.0,0.78,45.78,45.78,catalog,1051.585584321762,rotation_period
WASP-158b,TIC 37718056,6350.0,9.3,,9.452136700556183,vsini_derived,1542.8590847246878,rotation_period
TOI-4994b,TIC 277128619,5640.0,,,28.178138380128892,gyro_derived,893.583436883269,rotation_period
K2-238b,TIC 404243877,5630.0,3.78,,26.60133710005792,vsini_derived,919.6858946295182,rotation_period
WASP-162b,TIC 308098254,5300.0,1.0,,70.19741522290757,vsini_derived,566.1489400230222,rotation_period
KELT-15b,TIC 268644785,6003.0,7.6,,12.323657176994558,not_needed,250.5,TESS_measured
LP791-18c,TIC 181804752,2960.0,2.0,,5.754923229986115,vsini_derived,3954.590215033068,rotation_period
TIC46432937b,TIC 46432937,3572.0,,,87.189985052339,gyro_derived,1015.9865370812082,rotation_period
TOI-3819b,TIC 95660472,5859.0,,,18.83614078119293,gyro_derived,1092.9374190265576,rotation_period
TOI-181b,TIC 76923707,4994.0,2.28,,20.66424622295959,vsini_derived,1565.2104332230413,rotation_period
TOI-2803Ab,TIC 124379043,6280.0,,,,not_derived,300.0,stellar_type
WASP-53b,TIC 268766053,4953.0,0.86,,58.68168588715716,vsini_derived,928.8192911804604,rotation_period
TOI-199b,TIC 309792357,5255.0,0.5,,103.71509996898054,not_needed,421.2,TESS_measured
HAT-P-25b,TIC 35022727,5519.0,0.5,,116.23680106279647,vsini_derived,439.966322495048,rotation_period
TOI-3331Ab,TIC 194795551,5609.0,,,16.356982821823486,gyro_derived,1172.8424061873,rotation_period
Kepler-25c,TIC 120960812,6354.0,8.89,,9.361647202884743,vsini_derived,1550.2977751734788,rotation_period
WASP-161b,TIC 50712784,6400.0,18.0,,6.014913656737624,vsini_derived,1934.08946937517,rotation_period
TOI-1249b,TIC 232976128,5497.0,,,24.91538033231833,gyro_derived,950.2929307107919,rotation_period
TrES-1b,TIC 120757718,5230.0,1.3,,41.34982878688248,vsini_derived,737.6568865738114,rotation_period
HAT-P-24b,TIC 440777904,6373.0,10.0,,8.328828454826057,vsini_derived,1643.611988910746,rotation_period
HAT-P-50b,TIC 17746821,6280.0,8.9,,12.065513822097074,vsini_derived,1365.5837755529863,rotation_period
HAT-P-51b,TIC 61205803,5449.0,1.7,,38.72576006732737,vsini_derived,762.2392073878485,rotation_period
TOI-5800b,TIC 151759246,4830.0,,,28.39534242512223,gyro_derived,1335.2388589533452,rotation_period
Kepler-435b,TIC 63211674,6161.0,6.0,,33.83388931914913,vsini_derived,815.4837229029354,rotation_period
HATS-35b,TIC 339522221,6300.0,8.66,,10.464691760234123,vsini_derived,1466.3175708469084,rotation_period
HD183579b,TIC 320004517,5784.0,,24.8,24.8,catalog,952.5009525014287,rotation_period
WASP-193b,TIC 49043968,6078.0,4.29,,18.26468373153205,vsini_derived,1109.9033975803356,rotation_period
K2-99b,TIC 176966903,6069.0,9.3,,17.340250781595874,vsini_derived,1139.104511704187,rotation_period
HR858b,TIC 178155732,6354.0,7.5,6.7,6.7,catalog,1832.5416653445782,rotation_period
NGTS-8b,TIC 102068384,5241.0,3.56,,17.409015821047017,vsini_derived,1136.8525730700037,rotation_period
TOI-2459b,TIC 192790476,4195.0,,,,not_needed,994.34,TESS_measured
WASP-35b,TIC 43647325,5990.0,3.9,,17.51286866267964,vsini_derived,1133.4767433325853,rotation_period
TOI-1266c,TIC 467179528,3618.0,1.3,44.6,44.6,catalog,1420.5411714311351,rotation_period
WASP-76b,TIC 293435336,6366.0,3.3,,33.42186517847414,vsini_derived,820.4949597893587,rotation_period
TOI-640b,TIC 147977348,6460.0,6.1,,21.584849873592308,vsini_derived,1020.9788435619108,rotation_period
TOI-2567b,TIC 258920431,5611.0,,,31.83405396772272,gyro_derived,840.7082030022519,rotation_period
TOI-7041b,TIC 201175570,4700.0,3.0,,86.42924997415042,vsini_derived,765.3360066331729,rotation_period
WASP-14b,TIC 347430350,6475.0,4.9,,17.0105154005869,vsini_derived,1150.0918418927465,rotation_period
WASP-66b,TIC 53735810,6600.0,13.4,,8.306269382299133,vsini_derived,1152.0896981250241,rotation_period
TOI-3629b,TIC 455784423,3870.0,2.0,,18.97227438456961,vsini_derived,2178.018459490194,rotation_period
WASP-34b,TIC 437242640,5700.0,1.4,,42.01003613726128,vsini_derived,731.8376215673081,rotation_period
Kepler-18c,TIC 273690178,5345.0,4.0,,17.517733348419274,vsini_derived,1133.3193487968917,rotation_period
K2-353b,TIC 115010361,5698.0,,,,not_derived,200.0,stellar_type
WASP-6b,TIC 204376737,5450.0,1.6,23.8,23.8,catalog,972.3055853282466,rotation_period
TOI-2374b,TIC 439366538,4802.0,0.5,50.2,50.2,catalog,1004.2241460242666,rotation_period
WASP-189b,TIC 157910432,8000.0,93.1,,1.603099446744872,vsini_derived,2622.4611730716933,rotation_period
HAT-P-38b,TIC 285272237,5330.0,0.4,,145.92841047464788,vsini_derived,392.6642230801127,rotation_period
Kepler-109c,TIC 122441003,5945.0,,,19.724756749490872,gyro_derived,1068.034867335631,rotation_period
K2-138f,TIC 4610830,5356.3,2.7,,20.213670115905646,vsini_derived,1055.0393846342615,rotation_period
TOI-778b,TIC 335630746,6643.0,39.9,2.584,2.584,not_needed,262.8,TESS_measured
WASP-64b,TIC 52640302,5400.0,3.4,,19.679084606739853,vsini_derived,1069.2735217824647,rotation_period
WASP-52b,TIC 427685831,5000.0,3.6,,13.87786737389814,vsini_derived,1909.9462776599219,rotation_period
WASP-4b,TIC 402026209,5500.0,2.14,22.2,22.2,catalog,1006.7340828210365,rotation_period
TOI-4559b,TIC 271169413,3558.0,,,84.83145567407794,not_needed,588.0,TESS_measured
HAT-P-35b,TIC 455096220,6096.0,0.5,,181.50142494571594,vsini_derived,352.08801300144273,rotation_period
WASP-139b,TIC 159951311,5310.0,4.2,,12.045888498139435,vsini_derived,1366.6957365815788,rotation_period
TOI-2714b,TIC 332534326,5665.0,2.9,18.1,18.1,catalog,1114.9412193707494,rotation_period
TOI-1601b,TIC 139375960,5948.0,6.4,,21.600724898265184,vsini_derived,1020.603600521409,rotation_period
WASP-75b,TIC 36592530,6100.0,4.3,,18.531058701207527,vsini_derived,1101.8973615477812,rotation_period
CoRoT-11b,TIC 110178537,6440.0,40.0,,2.1660013255716972,vsini_derived,3223.011833225185,rotation_period
TOI-969b,TIC 280437559,4435.0,,,30.354990831481818,gyro_derived,1291.4198725176354,rotation_period
Qatar-2b,TIC 2521105,4645.0,2.8,18.5,18.5,catalog,1654.2328997110671,rotation_period
TOI-3082b,TIC 428699140,4263.0,,,,not_derived,1000.0,stellar_type
Kepler-102e,TIC 123357864,4900.0,,27.95,27.95,not_needed,670.6,TESS_measured
LHS1678b,TIC 77156829,3490.0,0.53,64.0,64.0,catalog,1185.8541225631423,rotation_period
WASP-13b,TIC 8767448,5950.0,5.7,,15.200009302257524,vsini_derived,1216.6602861884305,rotation_period
TOI-1107b,TIC 394561119,6311.0,12.31,6.2,6.2,catalog,1905.0019050028575,rotation_period
TOI-2842b,TIC 178162579,5910.0,,,17.992988925816988,gyro_derived,1118.251791801524,rotation_period
HATS-39b,TIC 112604564,6572.0,7.75,,13.22755130210208,vsini_derived,912.9554210676733,rotation_period
GJ3473b,TIC 452866790,3347.0,2.0,168.3,168.3,catalog,731.2724241271306,rotation_period
WASP-168b,TIC 232038798,6000.0,0.3,,236.09941456353295,vsini_derived,308.7050997170925,rotation_period
HD149026b,TIC 255930614,6160.0,6.0,,16.24237490367876,vsini_derived,1176.9729826876442,rotation_period
TOI-674b,TIC 158588995,3514.0,0.4,52.0,52.0,catalog,1315.5870289605439,rotation_period
TOI-172b,TIC 29857954,5645.0,5.1,,22.03511868064065,vsini_derived,1010.4935879946146,rotation_period
GJ9827d,TIC 301289516,4269.0,1.3,28.16,28.16,catalog,1340.806766126614,rotation_period
WASP-156b,TIC 270380593,4910.0,3.8,,12.648182923046408,vsini_derived,2000.6377035426185,rotation_period
HATS-72b,TIC 188570092,4656.1,0.8,48.725,48.725,catalog,1019.3107259712519,rotation_period
TOI-1442b,TIC 235683377,3330.0,,,,not_derived,3000.0,stellar_type
HAT-P-3b,TIC 311035838,5185.0,0.5,19.9,19.9,catalog,1594.9827112687558,rotation_period
TOI-2796b,TIC 220076110,5764.0,,,19.77392266311866,gyro_derived,1066.7062591383744,rotation_period
WASP-144b,TIC 207077681,5200.0,1.9,,26.960600441230497,vsini_derived,913.5377092285787,rotation_period
TOI-1516b,TIC 376637093,6520.0,11.8,,6.109715479776652,vsini_derived,1343.3179126093949,rotation_period
TOI-1859b,TIC 229742722,6341.0,12.49,,6.886120406462416,vsini_derived,1807.6067438489433,rotation_period
TOI-4551b,TIC 204650483,4896.0,2.84,,79.05114326904005,vsini_derived,800.2550814170472,rotation_period
WASP-124b,TIC 97409519,6050.0,3.2,,20.15804153360521,vsini_derived,1056.4941368262505,rotation_period
HAT-P-40b,TIC 199671901,6080.0,6.9,,20.218761976985775,vsini_derived,1054.9065265429622,rotation_period
TOI-824b,TIC 193641523,4600.0,2.165,,20.301355961933602,vsini_derived,1579.1376749918218,rotation_period
Qatar-1b,TIC 236887394,5013.0,1.76,30.0,30.0,not_needed,739.6,TESS_measured
HD260655c,TIC 307809773,3803.0,2.0,37.5,37.5,catalog,1549.1933384829665,rotation_period
TOI-905b,TIC 261867566,5570.0,,,21.676899840534748,gyro_derived,1018.80876727163,rotation_period
Gaia-1b,TIC 11755687,5470.0,,,,not_derived,200.0,stellar_type
TOI-1136c,TIC 142276270,5770.0,6.7,,9.136896320529045,not_needed,9673.3,TESS_measured
TOI-4406b,TIC 206541859,6219.0,4.5,,18.12906218969985,vsini_derived,1114.0471954758846,rotation_period
TOI-1130b,TIC 254113311,4350.0,2.5,25.6,25.6,catalog,1406.25,rotation_period
WASP-101b,TIC 47911178,6380.0,12.4,,6.681096624673706,vsini_derived,1835.1323144651517,rotation_period
NGTS-9b,TIC 176685457,6330.0,6.38,,13.679069305489056,vsini_derived,1282.5165677172652,rotation_period
KELT-16b,TIC 236445129,6236.0,7.6,,11.316795246936259,vsini_derived,1410.0338214632689,rotation_period
TOI-2107b,TIC 446549906,5627.0,,,22.509835881215583,gyro_derived,999.7814964984163,rotation_period
HAT-P-6b,TIC 176899385,6570.0,8.7,,10.612843142326296,vsini_derived,1019.2328823473794,rotation_period
TOI-1994b,TIC 445903569,7700.0,,,,not_derived,300.0,stellar_type
Gaia-2b,TIC 147797743,5720.0,,,,not_derived,200.0,stellar_type
TOI-2015b,TIC 368287008,3297.0,3.2,8.7,8.7,not_needed,3834.6,TESS_measured
HATS-12b,TIC 11270200,6408.0,6.57,,21.272819071485962,vsini_derived,1028.4394699857694,rotation_period
TOI-2109b,TIC 392476080,6540.0,81.2,,1.3224516381362557,vsini_derived,2887.3497875993403,rotation_period
EPIC246851721b,TIC 411839167,6202.0,74.92,,1.3387625544548583,vsini_derived,4099.581086087918,rotation_period
K2-30b,TIC 26017005,5581.0,3.9,,15.25889760331624,vsini_derived,1214.310302616819,rotation_period
K2-287b,TIC 73848324,5695.0,3.2,,21.146180824468207,vsini_derived,1031.5143836667576,rotation_period
LTT9779b,TIC 183985250,5443.0,1.06,45.0,45.0,catalog,707.1067811865476,rotation_period
TrES-4b,TIC 159742538,6295.0,8.5,,13.466594759243524,vsini_derived,1292.5946776609505,rotation_period
WASP-43b,TIC 36734222,4500.0,2.26,15.6,15.6,not_needed,1407.1,TESS_measured
HD219666b,TIC 266980320,5540.0,2.2,,30.44187662615032,vsini_derived,859.7170668116022,rotation_period
HAT-P-44b,TIC 168699373,5295.0,0.2,,300.07813984927594,vsini_derived,273.8256199199643,rotation_period
Kepler-7b,TIC 121660904,5933.0,4.2,,29.60277098417766,vsini_derived,871.8164842754645,rotation_period
WASP-192b,TIC 160578764,5910.0,3.1,,26.92838944906654,vsini_derived,914.0839201648118,rotation_period
KOI-13b,TIC 158324245,7650.0,65.0,,1.692910637392365,vsini_derived,2551.9507113953714,rotation_period
TOI-1136b,TIC 142276270,5770.0,6.7,,9.136896320529045,not_needed,9673.3,TESS_measured
TOI-532b,TIC 144700903,3927.0,2.0,,19.351719872261,vsini_derived,2156.559626222057,rotation_period
HATS-70b,TIC 98545929,7930.0,40.61,,2.929233203428994,vsini_derived,1940.0473285443577,rotation_period
WASP-42b,TIC 248075138,5200.0,2.7,,20.213670115905646,vsini_derived,1055.0393846342615,rotation_period
TOI-2236b,TIC 394722182,6248.0,,,,not_derived,300.0,stellar_type
HD73583b,TIC 101011575,4582.0,3.5,12.0,12.0,catalog,2053.959590644373,rotation_period
TOI-269b,TIC 220479565,3514.0,,,,not_derived,2000.0,stellar_type
TOI-3693b,TIC 240823272,5321.0,,,24.06986969837218,gyro_derived,966.8395096601546,rotation_period
TOI-139b,TIC 62483237,4570.0,,,,not_needed,1077.86,TESS_measured
TOI-1244b,TIC 219850915,4722.0,,,46.75561566875213,not_needed,270.6,TESS_measured
TOI-238b,TIC 9006668,5080.0,1.84,26.0,26.0,not_needed,511.2,TESS_measured
K2-121b,TIC 7059054,4471.38,,,,not_derived,1000.0,stellar_type
TOI-157b,TIC 140691463,5404.0,2.5,,29.520858942390316,not_needed,605.8,TESS_measured
HAT-P-36b,TIC 373693175,5560.0,3.58,,19.57288642281483,not_needed,590.2,TESS_measured
HAT-P-65b,TIC 283419843,5835.0,7.1,,16.56733819497628,vsini_derived,1165.3728343972755,rotation_period
TOI-1136d,TIC 142276270,5770.0,6.7,,9.136896320529045,not_needed,9673.3,TESS_measured
KELT-10b,TIC 269217040,5948.0,2.58,,29.634986732486638,vsini_derived,871.342486128253,rotation_period
WASP-129b,TIC 61538902,5900.0,2.7,,21.08030487174401,vsini_derived,1033.1248676820285,rotation_period
WASP-159b,TIC 77156657,6120.0,5.7,,23.410233304936767,vsini_derived,980.3663318656908,rotation_period
TOI-2818b,TIC 151483286,5721.0,,,32.36433159577554,gyro_derived,833.7924110230632,rotation_period
K2-31b,TIC 50171060,5280.0,2.6,18.38,18.38,catalog,1106.4161477746895,rotation_period
HIP67522b,TIC 166527623,5675.0,54.2,1.418,1.418,not_needed,5895.86,TESS_measured
WASP-135b,TIC 308172249,5675.0,4.67,,13.00027366822757,vsini_derived,1315.573181703386,rotation_period
HATS-5b,TIC 139733308,5304.0,0.8,,68.85354578733387,vsini_derived,571.6472306971516,rotation_period
TOI-677b,TIC 280206394,6295.0,7.8,,10.377996244550898,not_needed,117.58,TESS_measured
TOI-6008b,TIC 286201103,3075.0,,,57.27633216253705,gyro_derived,1253.526891605741,rotation_period
WASP-11b,TIC 85593751,4800.0,1.04,,54.11962885341972,vsini_derived,967.1751139526792,rotation_period
K2-417b,TIC 49592509,3861.0,,,,not_derived,2000.0,stellar_type
TOI-4479b,TIC 126606859,3400.0,,,,not_derived,3000.0,stellar_type
HAT-P-63b,TIC 325670253,5400.0,,,40.540801201217754,gyro_derived,744.9808263158674,rotation_period
TOI-1180b,TIC 158002130,4804.0,,,41.23048220961276,gyro_derived,1108.0855999215228,rotation_period
Kepler-450b,TIC 27534138,6206.0,,,,not_derived,300.0,stellar_type
TOI-125b,TIC 52368076,5320.0,1.0,,53.628295593716764,vsini_derived,647.7303723832829,rotation_period
WASP-50b,TIC 382391899,5400.0,1.97,16.3,16.3,catalog,1174.890674981936,rotation_period
HD209458b,TIC 420814525,6091.0,4.49,10.65,10.65,catalog,1453.5047493345278,rotation_period
HD110067f,TIC 347332255,5266.0,2.5,,19.933536286721136,vsini_derived,1062.426961868538,rotation_period
TOI-163b,TIC 179317684,6495.0,14.08,,7.402061597010111,not_needed,381.6,TESS_measured
WASP-153b,TIC 157586003,5914.0,5.19,,21.080304871744012,vsini_derived,1033.1248676820283,rotation_period
HAT-P-46b,TIC 104866616,6120.0,4.9,,18.017207510788552,vsini_derived,1117.4999665490127,rotation_period
HATS-64b,TIC 189625051,6554.0,12.65,,10.563482417548244,vsini_derived,1021.6114274552244,rotation_period
WASP-10b,TIC 431701493,4675.0,3.0,11.91,11.91,catalog,2061.705537394202,rotation_period
WASP-160Bb,TIC 32949762,5298.0,,,44.978498756451806,gyro_derived,707.2757714708345,rotation_period
Qatar-4b,TIC 440113053,5215.0,7.1,6.05,6.05,catalog,1928.4730395996753,rotation_period
TOI-2000c,TIC 371188886,5611.0,2.99,,23.9850157771482,vsini_derived,968.5482367308432,rotation_period
TOI-1260d,TIC 355867695,4227.0,1.5,30.63,30.63,catalog,1285.609342296104,rotation_period
L98-59b,TIC 307210830,3415.0,,80.9,80.9,catalog,1054.743830901945,rotation_period
LTT1445Ac,TIC 98796344,3340.0,,,,not_derived,3000.0,stellar_type
HATS-55b,TIC 114299824,6214.0,5.01,,14.213427117116021,vsini_derived,1258.1773296036686,rotation_period
WASP-105b,TIC 158623531,5070.0,1.7,,33.48048420806401,not_needed,429.1,TESS_measured
XO-2Nb,TIC 356473034,5340.0,1.07,28.6,28.6,catalog,886.9685939836239,rotation_period
TOI-954b,TIC 44792534,5710.0,5.6,,21.366394723574825,vsini_derived,1026.1849367399495,rotation_period
Qatar-8b,TIC 103751498,5738.0,2.7,,30.80066767371486,vsini_derived,854.6950595782441,rotation_period
TOI-125c,TIC 52368076,5320.0,1.0,,53.628295593716764,vsini_derived,647.7303723832829,rotation_period
TOI-178d,TIC 251848941,4316.0,1.5,,27.446556943010698,vsini_derived,1358.121367976724,rotation_period
KELT-24b,TIC 349827430,6426.0,19.74,,4.286542236837916,not_needed,294.51,TESS_measured
TOI-2076d,TIC 27491137,5187.0,,6.84,6.84,not_needed,15539.0,TESS_measured
TOI-1937Ab,TIC 268301217,5814.0,,,17.71546374200631,gyro_derived,1126.9768534561815,rotation_period
WASP-116b,TIC 332911893,6250.0,,,,not_derived,300.0,stellar_type
GJ9827b,TIC 301289516,4269.0,1.3,28.16,28.16,catalog,1340.806766126614,rotation_period
TOI-406c,TIC 153065527,3392.0,,29.2,29.2,catalog,1755.6172079419584,rotation_period
HATS-27b,TIC 248111245,6438.0,9.32,,11.80678019640598,vsini_derived,1380.4653809882307,rotation_period
TOI-858Bb,TIC 198008005,5842.0,5.8,,14.26191660633164,vsini_derived,1256.0366523685252,rotation_period
HAT-P-2b,TIC 39903405,6290.0,20.8,,4.986302883124064,not_needed,232.48,TESS_measured
K2-129b,TIC 2468648,3459.09,,,,not_derived,3000.0,stellar_type
WASP-167b,TIC 104024556,7000.0,49.94,1.81,1.81,catalog,2468.027597291909,rotation_period
HAT-P-22b,TIC 252479260,5302.0,0.5,28.7,28.7,not_needed,119.8,TESS_measured
TOI-3785b,TIC 458419328,3576.0,2.0,,15.810228653808007,vsini_derived,2385.899681850862,rotation_period
WASP-90b,TIC 459730973,6430.0,6.0,,20.869501823026567,vsini_derived,1038.3295599051082,rotation_period
TOI-5126b,TIC 27064468,6150.0,,,,not_derived,300.0,stellar_type
K2-33b,TIC 49040478,3540.0,8.2,6.29,6.29,catalog,3782.64802395517,rotation_period
KELT-7b,TIC 367366318,6789.0,65.0,,1.6851271402089518,not_needed,140.01,TESS_measured
TOI-2120b,TIC 389900760,3131.0,,,,not_derived,3000.0,stellar_type
TOI-2005b,TIC 147660886,7130.0,111.0,,1.1508706984033215,vsini_derived,3095.1096022599195,rotation_period
WASP-44b,TIC 12862099,5420.0,3.2,,17.905083950437568,not_needed,1566.0,TESS_measured
HD3167b,TIC 318707987,5300.0,2.41,23.52,23.52,catalog,978.0759955449395,rotation_period
TOI-421c,TIC 94986319,5325.0,1.8,43.24,43.24,not_needed,114.24,TESS_measured
TOI-2328b,TIC 394287035,5525.0,2.61,,21.807211936286905,vsini_derived,1015.7601878144802,rotation_period
WASP-113b,TIC 310003988,5890.0,6.8,10.56,10.56,catalog,1459.6855203028554,rotation_period
TOI-1798.01,TIC 198153540,5106.0,,,25.08915357935025,gyro_derived,1420.4943580493032,rotation_period
TOI-2977b,TIC 361343239,5691.0,,,33.85000458832293,gyro_derived,815.289582542253,rotation_period
K2-34b,TIC 178217113,6132.0,5.2,,18.558776096700782,vsini_derived,1101.0742162932775,rotation_period
TOI-451c,TIC 257605131,5550.0,7.9,5.1,5.1,not_needed,3545.2,TESS_measured
V1298Taub,TIC 15756231,4970.0,23.0,2.865,2.865,catalog,4203.588594054231,rotation_period
WASP-81b,TIC 399402994,5870.0,,,,not_derived,200.0,stellar_type
TOI-3493b,TIC 203377303,5844.0,2.2,37.4,37.4,catalog,775.6315349925288,rotation_period
TOI-1411b,TIC 116483514,4115.0,,,76.03217897146268,gyro_derived,815.9880519171677,rotation_period
TrES-5b,TIC 233948455,5171.0,3.8,,14.445556285795107,vsini_derived,1872.041114744663,rotation_period
HD101581c,TIC 397362481,4675.0,2.47,,16.13027376825756,vsini_derived,1771.5835903530296,rotation_period
TOI-1064c,TIC 79748331,4734.0,2.7,,17.004779263206835,vsini_derived,1725.428704364561,rotation_period
G9-40b,TIC 203214081,3395.0,,30.0,30.0,catalog,1732.0508075688772,rotation_period
HAT-P-28b,TIC 53728859,5680.0,0.2,,348.7736441030046,vsini_derived,253.99164424724026,rotation_period
HATS-29b,TIC 201604954,5670.0,2.35,,28.875532503039988,vsini_derived,882.726690067887,rotation_period
TOI-2443b,TIC 318753380,4375.0,1.7,,23.47353948365377,vsini_derived,1468.5651843241722,rotation_period
HIP116454b,TIC 422618449,5048.0,,,38.055293529629,gyro_derived,1153.386808662017,rotation_period
WASP-106b,TIC 53189332,6002.0,7.0,,13.280592069198725,vsini_derived,1301.6149872205515,rotation_period
TOI-216.02,TIC 55652896,5026.0,0.84,,63.090341009005286,not_needed,753.0,TESS_measured
TOI-1470b,TIC 284441182,3709.0,2.0,29.0,29.0,catalog,1761.6606585441104,rotation_period
HD109833b,TIC 360630575,5881.0,10.5,5.111,5.111,catalog,2098.1586247366613,rotation_period
WASP-133b,TIC 92449173,5700.0,0.3,,303.55639015311374,vsini_derived,272.25230743627424,rotation_period
WASP-88b,TIC 100566492,6431.0,8.4,,15.659655047581264,vsini_derived,1198.671455721601,rotation_period
TOI-1184b,TIC 233087860,4617.0,,,46.373497257750074,not_needed,496.9,TESS_measured
TOI-270c,TIC 259377017,3506.0,,,,not_derived,2000.0,stellar_type
HAT-P-52b,TIC 436875934,5131.0,0.6,,94.123561252337,vsini_derived,733.3872285417017,rotation_period
Kepler-63b,TIC 299158887,5578.0,7.47,5.401,5.401,not_needed,10005.7,TESS_measured
WASP-7b,TIC 389352124,6400.0,17.0,,5.3568774732902416,vsini_derived,2049.4409167497247,rotation_period
HD108236d,TIC 260647166,5730.0,4.7,,11.948496208154477,not_needed,152.85,TESS_measured
HIP67522c,TIC 166527623,5675.0,54.2,1.418,1.418,not_needed,5895.86,TESS_measured
piMenc,TIC 261136679,6037.0,3.14,,22.15446053399848,not_needed,90.56,TESS_measured
KELT-8b,TIC 358516596,5754.0,3.7,,28.5438722722804,vsini_derived,887.8402185852763,rotation_period
TOI-4145Ab,TIC 279947414,5281.0,,,31.101497485052878,gyro_derived,850.5514886308059,rotation_period
L98-59c,TIC 307210830,3415.0,,80.9,80.9,catalog,1054.743830901945,rotation_period
GJ806b,TIC 239332587,3600.0,2.0,41.4,41.4,catalog,1474.4195615489714,rotation_period
TOI-1811b,TIC 376524552,4766.0,,,45.78140828492793,gyro_derived,1051.5694102505263,rotation_period
TOI-1775b,TIC 9348006,5284.0,,,12.385714366128074,gyro_derived,1347.816376494041,rotation_period
HAT-P-26b,TIC 420779000,5079.0,1.8,,27.685467064890464,vsini_derived,1352.2487566547966,rotation_period
WASP-8b,TIC 183532609,5600.0,1.59,,37.58658132792092,not_needed,1029.7,TESS_measured
TOI-620b,TIC 296739893,3708.0,3.0,8.99,8.99,catalog,3164.035946465021,rotation_period
TOI-5143c,TIC 281837575,5183.0,2.53,,21.29694041588051,vsini_derived,1541.785333997722,rotation_period
HD106315c,TIC 56815340,6327.0,12.71,,6.448483504432787,vsini_derived,1867.9380226797255,rotation_period
GJ1214b,TIC 467929202,3101.0,,124.7,124.7,catalog,849.5482076828985,rotation_period
HATS-40b,TIC 172598832,6460.0,9.52,,15.013074267901718,vsini_derived,1224.2114653089795,rotation_period
WASP-138b,TIC 35857242,6272.0,7.7,,11.169823880092931,vsini_derived,1419.280043953966,rotation_period
WASP-56b,TIC 347329162,5600.0,1.5,,46.88259803475867,vsini_derived,692.7641797418275,rotation_period
TOI-1130c,TIC 254113311,4350.0,1.2,25.6,25.6,catalog,1406.25,rotation_period
HAT-P-42b,TIC 270468559,5743.0,3.5,,27.64531410323,vsini_derived,902.153617048631,rotation_period
HAT-P-20b,TIC 26826078,4595.0,1.85,14.48,14.48,catalog,1869.813268072126,rotation_period
HATS-22b,TIC 14661418,4803.0,0.5,,87.14598033978974,vsini_derived,762.182263460557,rotation_period
TOI-3364b,TIC 280655495,5706.0,,,24.493860525070193,gyro_derived,958.4349425200065,rotation_period
TOI-1416b,TIC 158025009,4884.0,2.0,17.6,17.6,not_needed,160.0,TESS_measured
NGTS-2b,TIC 125739286,6478.0,15.2,,7.081318202310849,vsini_derived,1782.5191490152076,rotation_period
TOI-1294b,TIC 219015370,5718.0,,,26.01087875204246,gyro_derived,930.0659536740255,rotation_period
K2-39b,TIC 250977648,4881.0,2.01,,122.07698940651758,vsini_derived,643.9699660778886,rotation_period
K2-329b,TIC 301258470,5282.0,1.9,,27.360016744063543,vsini_derived,906.8450351472264,rotation_period
CoRoT-2b,TIC 391958006,5625.0,10.87,4.522,4.522,catalog,2230.621994045258,rotation_period
HAT-P-5b,TIC 76419763,5960.0,2.6,,28.385441290759918,vsini_derived,890.3144741232871,rotation_period
WASP-15b,TIC 111991770,6300.0,4.27,,21.327146849164905,vsini_derived,1027.128735394098,rotation_period
HAT-P-12b,TIC 198108326,4650.0,0.5,,88.6637622905553,vsini_derived,755.6304319043879,rotation_period
MASCARA-1b,TIC 354619337,7490.0,101.7,0.853,0.853,catalog,3595.131526338979,rotation_period
HD110082b,TIC 383390264,6200.0,25.3,2.34,2.34,not_needed,1351.69,TESS_measured
TOI-270b,TIC 259377017,3506.0,,,,not_derived,2000.0,stellar_type
HATS-1b,TIC 219698950,5870.0,2.52,,26.049233877226527,vsini_derived,929.3809827231894,rotation_period
HAT-P-21b,TIC 17993892,5588.0,3.5,15.9,15.9,catalog,1189.577378577216,rotation_period
LHS1478b,TIC 396562848,3381.0,2.0,,7.7786324976735415,not_needed,369.0,TESS_measured
TOI-2445b,TIC 439867639,3333.0,,,,not_derived,3000.0,stellar_type
TOI-4641b,TIC 436873727,6560.0,86.3,,1.2604214732120405,not_needed,564.84,TESS_measured
WASP-23b,TIC 170102285,5150.0,2.2,,21.990590763932953,not_needed,465.2,TESS_measured
WASP-102b,TIC 51637609,5990.0,,,5.772267947444443,gyro_derived,1974.322148945955,rotation_period
WASP-21b,TIC 436478932,5924.0,1.5,,56.81437287203214,vsini_derived,629.3064028045766,rotation_period
WASP-16b,TIC 46096489,5700.0,3.0,,24.031547553788165,vsini_derived,967.6100926632026,rotation_period
WASP-29b,TIC 183537452,4800.0,1.5,,33.306881697355536,not_needed,230.6,TESS_measured
WASP-36b,TIC 13349647,5959.0,3.3,,18.87645481697077,vsini_derived,1091.7697138436768,rotation_period
HAT-P-17b,TIC 266593143,5246.0,0.3,,176.6529548252148,not_needed,422.7,TESS_measured
HAT-P-58b,TIC 9443323,6078.0,,,,not_derived,300.0,stellar_type
TOI-1450Ab,TIC 377293776,3437.0,,35.0,35.0,not_needed,287.7,TESS_measured
HD191939c,TIC 269701147,5348.0,1.6,,37.154037336448816,vsini_derived,778.1946709802969,rotation_period
DSTucAb,TIC 410214986,5428.0,17.8,2.85,2.85,catalog,2809.757434745082,rotation_period
TOI-942b,TIC 146520535,4969.0,13.8,3.39,3.39,catalog,3864.405299471585,rotation_period
GJ9827c,TIC 301289516,4269.0,1.3,28.16,28.16,catalog,1340.806766126614,rotation_period
TOI-904b,TIC 261257684,3770.2,2.0,17.1,17.1,not_needed,595.5,TESS_measured
WASP-41b,TIC 398943781,5545.0,1.6,18.41,18.41,catalog,1105.5143004727263,rotation_period
WASP-78b,TIC 139528693,6100.0,7.1,,20.931852020534546,vsini_derived,1036.7819582956124,rotation_period
WASP-49b,TIC 306362738,5600.0,0.9,,72.93785485623427,vsini_derived,555.411369761035,rotation_period
HAT-P-8b,TIC 188876052,6200.0,11.5,,8.688751747136227,vsini_derived,1609.2094142583428,rotation_period
TOI-776c,TIC 306996324,3709.0,2.2,34.4,34.4,not_needed,441.5,TESS_measured
GJ436b,TIC 138819293,3416.0,0.24,44.09,44.09,catalog,1428.733425672201,rotation_period
HAT-P-11b,TIC 28230919,4780.0,1.5,30.5,30.5,not_needed,470.44,TESS_measured
HD97658b,TIC 82308728,5119.0,0.5,,88.91672594901623,not_needed,85.7,TESS_measured
K2-18b,TIC 388804061,3457.0,,39.63,39.63,catalog,1506.9860029278436,rotation_period
WASP-57b,TIC 175772482,5600.0,3.7,,14.289028275225398,vsini_derived,1254.8444992884142,rotation_period
HAT-P-49b,TIC 99224131,6820.0,16.0,,7.245037280607519,vsini_derived,1233.5847356625798,rotation_period
WASP-73b,TIC 231670397,6036.0,6.1,,21.460441516972185,vsini_derived,1023.9339259895273,rotation_period
WASP-95b,TIC 144065872,5830.0,3.1,,25.09236289572109,not_needed,452.3,TESS_measured
WASP-98b,TIC 166833457,5473.0,0.99,,47.33486639382519,vsini_derived,689.4466746488345,rotation_period
HAT-P-45b,TIC 167227214,6330.0,9.3,,8.969329718009789,vsini_derived,1583.8398451103908,rotation_period
WASP-117b,TIC 166739520,6038.0,1.67,,44.306509041809264,not_needed,290.6,TESS_measured
WASP-70Ab,TIC 442530946,5763.0,1.8,,42.68761736528162,vsini_derived,726.006153163398,rotation_period
HAT-P-27b,TIC 461239485,5316.0,0.4,,136.7067784077413,vsini_derived,405.69180458535834,rotation_period
NGTS-11b,TIC 54002556,5050.0,1.1,,47.83312814533913,vsini_derived,1028.7696094635317,rotation_period
WASP-77Ab,TIC 1129033,5617.0,4.0,15.4,15.4,not_needed,1439.0,TESS_measured
TOI-421b,TIC 94986319,5325.0,1.8,43.24,43.24,not_needed,114.24,TESS_measured
WASP-22b,TIC 257567854,6000.0,3.5,16.0,16.0,catalog,1185.8541225631423,rotation_period
WASP-126b,TIC 25155310,5800.0,0.5,,160.63192312268936,vsini_derived,374.26165146365224,rotation_period
HATS-26b,TIC 315002523,6071.0,7.48,,17.247522167790553,vsini_derived,1142.1625158956192,rotation_period
WASP-119b,TIC 388104525,5650.0,0.7,,108.41299648325493,vsini_derived,455.565245527193,rotation_period
HAT-P-66b,TIC 137881699,6002.0,7.57,,15.714155930152105,vsini_derived,1196.5909941531204,rotation_period
WASP-132b,TIC 127530399,4686.0,0.9,,53.26290364260653,vsini_derived,974.9225121434407,rotation_period
WASP-142b,TIC 423275733,6010.0,3.1,,33.456483860961455,vsini_derived,820.0703514203674,rotation_period
XO-6b,TIC 138168780,6720.0,48.0,,2.5428117751541213,not_needed,424.7,TESS_measured
TOI-5799b,TIC 328081248,3514.0,,,85.20842983242912,gyro_derived,1027.7322232146764,rotation_period
TOI-6478b,TIC 332657786,3230.0,,,80.8790062470751,gyro_derived,1054.8807118781276,rotation_period
TOI-561b,TIC 377064495,5326.0,,,44.82862916272241,gyro_derived,708.4570554971901,rotation_period
HAT-P-69b,TIC 379929661,7394.0,77.44,,1.5728564249604455,vsini_derived,2647.5535847446768,rotation_period
TOI-6628b,TIC 75650448,5463.0,3.13,,20.406812703317684,vsini_derived,1050.0347449316628,rotation_period
HAT-P-68b,TIC 63189173,4508.0,0.0,24.593,24.593,catalog,1434.7517502626986,rotation_period
WASP-24b,TIC 460396820,6075.0,7.0,,12.828871250518496,vsini_derived,1324.3324960110504,rotation_period
HATS-7b,TIC 220029715,4985.0,0.5,,103.08269082282821,vsini_derived,700.7928219122365,rotation_period
HATS-42b,TIC 98283926,6060.0,6.04,,15.496118150752217,vsini_derived,1204.9798915210322,rotation_period
WASP-145Ab,TIC 381856447,4900.0,2.1,,20.47801044683704,vsini_derived,1572.311670547559,rotation_period
WASP-165b,TIC 228381868,5599.0,,,25.246503520449238,gyro_derived,944.0405282948918,rotation_period
HATS-61b,TIC 44745133,5542.0,3.52,,29.89570509083696,vsini_derived,867.5347075911131,rotation_period
WASP-183b,TIC 14344979,5313.0,1.0,,55.082836629867096,vsini_derived,639.1210334941677,rotation_period
L98-59d,TIC 307210830,3415.0,,80.9,80.9,catalog,1054.743830901945,rotation_period
TOI-270d,TIC 259377017,3506.0,,,,not_derived,2000.0,stellar_type
HAT-P-70b,TIC 399870368,8450.0,99.85,,1.1767813655994104,vsini_derived,3060.845493853646,rotation_period
HATS-56b,TIC 272213425,6536.0,6.49,,21.447342537461587,vsini_derived,716.9725937101879,rotation_period
WASP-171b,TIC 162922904,5965.0,6.3,,16.43259955954521,vsini_derived,1170.1408014490532,rotation_period
HD28109d,TIC 29781292,6120.0,7.7,,11.876150978392925,vsini_derived,1376.4277000589002,rotation_period
WASP-164b,TIC 237320326,5806.0,,,19.078938440016575,gyro_derived,1085.9608173002969,rotation_period
HAT-P-59b,TIC 229400092,5678.0,,,29.404022344962137,gyro_derived,874.7579275619656,rotation_period
TOI-122b,TIC 231702397,3403.0,7.2,72.0,72.0,catalog,1118.033988749895,rotation_period
HD235088b,TIC 293954617,5037.0,2.9,12.0,12.0,not_needed,634.32,TESS_measured
LTT3780c,TIC 36724087,3358.0,,104.0,104.0,catalog,930.2605094190635,rotation_period
WASP-180Ab,TIC 178367144,6600.0,19.9,3.3,3.3,catalog,1827.815387534827,rotation_period
WASP-176b,TIC 375942197,5941.0,3.8,,32.03651595640044,vsini_derived,838.0474700052731,rotation_period
TOI-1728b,TIC 285048486,3980.0,2.0,,19.740651497144675,vsini_derived,2135.2096028115197,rotation_period
TOI-1266b,TIC 467179528,3563.0,1.3,44.6,44.6,catalog,1420.5411714311351,rotation_period
NGTS-13b,TIC 454069765,5819.0,6.2,,18.23786376323143,vsini_derived,1110.719190443353,rotation_period
WASP-163b,TIC 145368316,5500.0,5.0,,12.8379056668921,vsini_derived,1323.8664279001853,rotation_period
HATS-31b,TIC 9385460,6050.0,7.01,,16.870258249712393,vsini_derived,1154.8628037353906,rotation_period
WASP-3b,TIC 27848472,6400.0,13.4,,6.418480886322058,not_needed,260.9,TESS_measured
HATS-37Ab,TIC 6036597,5326.0,3.98,,13.93524676320565,vsini_derived,1270.6733669260836,rotation_period
Kepler-1658b,TIC 377873569,6216.0,33.95,,5.385257265173366,vsini_derived,2044.0336043054517,rotation_period
TOI-628b,TIC 281408474,6250.0,6.9,,12.327395674998128,vsini_derived,1351.000753156042,rotation_period
WASP-131b,TIC 271168962,5990.0,2.8,,35.256809897991864,not_needed,211.8,TESS_measured
WASP-188b,TIC 289574465,6850.0,,,,not_derived,300.0,stellar_type
TOI-540b,TIC 200322593,3216.0,13.5,0.7261,0.7261,not_needed,2220.8,TESS_measured
GJ1252b,TIC 370133522,3458.0,,64.0,64.0,catalog,1185.8541225631423,rotation_period
K2-24c,TIC 68048686,5743.0,2.0,,38.26075334221538,vsini_derived,766.857201939805,rotation_period
K2-52b,TIC 399155300,7147.0,,,,not_derived,800.0,stellar_type
K2-32d,TIC 437444661,5271.0,,,40.95430578535927,gyro_derived,741.2103495209151,rotation_period
K2-289b,TIC 413753029,5529.0,,,,not_derived,200.0,stellar_type
K2-55b,TIC 437704321,4299.98,,,,not_derived,1000.0,stellar_type
TOI-672b,TIC 151825527,3765.0,,,,not_needed,799.3,TESS_measured
KELT-3b,TIC 67666096,6306.0,10.2,,9.126531991531525,vsini_derived,1570.1399683086593,rotation_period
TOI-2134b,TIC 75878355,4580.0,0.78,45.78,45.78,catalog,1051.585584321762,rotation_period
HATS-38b,TIC 168281028,5732.0,3.1,,22.54232601607464,vsini_derived,999.0607468189747,rotation_period
TOI-1759b,TIC 408636441,3972.0,0.85,35.65,35.65,catalog,1588.8814239971282,rotation_period
HAT-P-4b,TIC 138294130,5860.0,5.5,,18.282373497857986,not_needed,288.5,TESS_measured
WASP-87b,TIC 15445551,6450.0,9.9,,10.39322909888712,vsini_derived,1471.3500514077066,rotation_period
KPS-1b,TIC 99834717,5165.0,5.1,,11.246962658042246,vsini_derived,2121.606764904267,rotation_period
K2-79b,TIC 435339558,5926.0,,,20.803208171215143,gyro_derived,1039.9826680709227,rotation_period
KELT-23Ab,TIC 458478250,5899.0,2.42,,26.028078907756655,not_needed,346.9,TESS_measured
TOI-2421b,TIC 70524163,5607.0,,,31.721073715440394,gyro_derived,842.2040382458414,rotation_period
WASP-140b,TIC 178284730,5260.0,3.1,,17.74825668233931,not_needed,1975.6,TESS_measured
TOI-1333b,TIC 395171208,6274.0,14.2,5.3,5.3,catalog,2060.4084592303357,rotation_period
Wolf503b,TIC 187278212,4716.0,,,64.78387563969076,gyro_derived,883.9934665756318,rotation_period
HAT-P-30b,TIC 455135327,6304.0,2.2,,34.92623238977587,vsini_derived,802.6300018440951,rotation_period
TOI-6695b,TIC 118339710,6400.0,6.7,,14.318875741986117,vsini_derived,1253.5359654148247,rotation_period
WASP-104b,TIC 393495970,5475.0,0.4,,152.25250193617111,vsini_derived,384.4227136079447,rotation_period
K2-370b,TIC 456945304,5377.0,,,,not_derived,200.0,stellar_type
K2-87b,TIC 17409453,5747.0,,,,not_derived,200.0,stellar_type
KELT-9b,TIC 16740101,10170.0,111.4,,1.3408890513570744,not_needed,179.89,TESS_measured
TOI-2154b,TIC 428787891,6280.0,,,,not_derived,300.0,stellar_type
HD2685b,TIC 267263253,6801.0,15.4,,6.406222519465063,not_needed,170.2,TESS_measured
TOI-4463Ab,TIC 8599009,5640.0,,,22.547031628163992,gyro_derived,998.95648835785,rotation_period
WASP-18b,TIC 100100827,6432.0,11.0,,7.583160579771913,not_needed,236.01,TESS_measured
HATS-57b,TIC 178289267,5587.0,4.09,12.71,12.71,catalog,1330.5110439527557,rotation_period
WASP-182b,TIC 369455629,5638.0,1.4,30.0,30.0,catalog,866.0254037844386,rotation_period
TOI-776b,TIC 306996324,3709.0,2.2,34.4,34.4,not_needed,441.5,TESS_measured
K2-174b,TIC 243014114,4455.0,,,,not_derived,1000.0,stellar_type
TOI-5027b,TIC 361711730,5909.0,4.52,,12.872044567702098,vsini_derived,1322.1097003378861,rotation_period
TrES-2b,TIC 399860444,5850.0,2.0,,30.102675356850447,vsini_derived,864.5472059434509,rotation_period
K2-29b,TIC 56399553,5222.0,3.8,10.777,10.777,catalog,1444.9150599538996,rotation_period
K2-266d,TIC 374180079,4285.0,,,,not_derived,1000.0,stellar_type
TOI-1231b,TIC 447061717,3553.0,,,,not_derived,2000.0,stellar_type
TOI-2076c,TIC 27491137,5187.0,,6.84,6.84,not_needed,15539.0,TESS_measured
TOI-1201b,TIC 29960110,3476.0,2.0,21.0,21.0,catalog,2070.1966780270627,rotation_period
TOI-1431b,TIC 375506058,7690.0,6.0,,20.237092676874248,not_needed,70.4,TESS_measured
KOI-7368b,TIC 27010191,5225.0,,2.606,2.606,catalog,2938.3535728550005,rotation_period
TOI-5398c,TIC 8260536,6000.0,7.5,7.34,7.34,catalog,1750.8269747087654,rotation_period
HD110113b,TIC 73228647,5732.0,1.74,20.8,20.8,catalog,1040.0628679223046,rotation_period
K2-405b,TIC 149496868,4927.0,,,,not_derived,1000.0,stellar_type
TOI-1268b,TIC 142394656,5300.0,4.12,10.9,10.9,not_needed,1785.7,TESS_measured
TOI-1298b,TIC 237104103,5889.0,4.6,,19.41221118189296,vsini_derived,1076.5984628864123,rotation_period
TOI-1842b,TIC 404505029,6039.0,6.21,11.35,11.35,catalog,1407.9697633917963,rotation_period
TOI-833b,TIC 362249359,3920.0,,,,not_derived,2000.0,stellar_type
GJ3929b,TIC 188589164,3384.0,2.0,122.0,122.0,catalog,858.8975014708022,rotation_period
TOI-1670c,TIC 441739020,6330.0,8.95,,9.242359364997041,not_needed,215.5,TESS_measured
TOI-1246b,TIC 230127302,5151.0,1.0,38.0,38.0,catalog,1154.2256460957985,rotation_period
TOI-2046b,TIC 468574941,6250.0,9.8,3.97,3.97,catalog,2380.6524940085687,rotation_period
TOI-1422b,TIC 333473672,5840.0,1.7,,37.90734823113025,not_needed,221.6,TESS_measured
HD93963Ac,TIC 368435330,5987.0,5.9,12.8,12.8,catalog,1325.8252147247767,rotation_period
TOI-260b,TIC 37749396,4026.0,,31.0,31.0,catalog,1277.9141270558957,rotation_period
HD15906c,TIC 4646810,4757.0,2.7,,17.847991458076596,not_needed,1399.66,TESS_measured
TOI-622b,TIC 83092282,6400.0,19.0,3.77,3.77,not_needed,98.3,TESS_measured
TOI-663b,TIC 54962195,3681.0,,30.0,30.0,catalog,1732.0508075688772,rotation_period
TOI-815b,TIC 102840239,4869.0,1.0,15.3,15.3,catalog,1819.0171877724974,rotation_period
TOI-836b,TIC 440887364,4552.0,1.86,21.987,21.987,not_needed,490.78,TESS_measured
TOI-1634b,TIC 201186294,3550.0,1.3,77.0,77.0,catalog,1081.1249552346708,rotation_period
HATS-9b,TIC 12611594,5366.0,4.58,,20.753514119365445,vsini_derived,1041.2270369029866,rotation_period
TOI-1199b,TIC 99869022,5710.0,3.4,23.0,23.0,catalog,989.0707100936804,rotation_period
TOI-1288b,TIC 365733349,5225.0,,,52.41563804261753,gyro_derived,655.1802851206744,rotation_period
HIP9618b,TIC 306263608,5550.0,,,27.448335198053957,not_needed,94.25,TESS_measured
TOI-1691b,TIC 268334473,5642.0,,,28.81667381530148,gyro_derived,883.6277245109325,rotation_period
TOI-1694b,TIC 396740648,5135.0,1.2,,43.12503369137032,vsini_derived,1083.4722545411073,rotation_period
TOI-1803b,TIC 144401492,4687.0,1.0,13.659,13.659,catalog,1925.1876436366065,rotation_period
HD110067d,TIC 347332255,5266.0,2.5,,19.933536286721136,vsini_derived,1062.426961868538,rotation_period
TOI-2025b,TIC 394050135,5977.0,6.0,13.2,13.2,catalog,1305.5824196677338,rotation_period
TOI-2145b,TIC 88992642,6177.0,,,,not_needed,226.72,TESS_measured
TOI-2338b,TIC 24358417,5581.0,2.5,,26.56118413839745,vsini_derived,920.3807839576933,rotation_period
WASP-118b,TIC 380907135,6410.0,9.68,6.12,6.12,catalog,1917.412472118426,rotation_period
K2-140b,TIC 380255458,5585.0,3.6,14.6,14.6,catalog,1241.408832903552,rotation_period
BD-143065b,TIC 293607057,6935.0,22.0,4.3,4.3,catalog,1601.2349884923492,rotation_period
TOI-1272b,TIC 417948359,5065.0,,28.3,28.3,catalog,1337.4861711249691,rotation_period
TOI-201b,TIC 350618622,6394.0,9.52,,8.748769385321488,not_needed,384.0,TESS_measured
KELT-2Ab,TIC 97735908,6327.0,9.0,,13.561662800821981,vsini_derived,1288.0561280269123,rotation_period
TOI-3023b,TIC 454248975,5760.0,,,26.549537958349568,gyro_derived,920.5826282442268,rotation_period
TOI-3321b,TIC 306648160,5850.0,5.19,,18.87479320597195,vsini_derived,1091.8177688507283,rotation_period
TOI-3807b,TIC 289661991,5772.0,,,23.347461530959926,gyro_derived,981.6833492575869,rotation_period
TOI-2497b,TIC 97568467,7360.0,,,,not_derived,800.0,stellar_type
TOI-2524b,TIC 169249234,5831.0,2.2,,32.166628842929384,vsini_derived,836.3508162152528,rotation_period
TOI-2587Ab,TIC 68007716,5760.0,,,25.952781316058157,gyro_derived,931.1063863006583,rotation_period
TOI-3919b,TIC 23769326,6100.0,7.73,,10.791043515846189,vsini_derived,1443.9745441578443,rotation_period
TOI-4010b,TIC 352682207,4960.0,1.3,37.7,37.7,catalog,1158.8089559053606,rotation_period
TOI-4438b,TIC 22233480,3422.0,2.0,68.0,68.0,catalog,1150.4474832710557,rotation_period
TOI-4791b,TIC 100389539,6058.0,,,,not_derived,300.0,stellar_type
TOI-5232b,TIC 69356857,6500.0,9.39,,12.021835206409923,vsini_derived,1368.0622960036533,rotation_period
TOI-5398b,TIC 8260536,6000.0,7.5,7.34,7.34,catalog,1750.8269747087654,rotation_period
TOI-5678b,TIC 209464063,5485.0,3.1,,19.13547674486698,vsini_derived,1084.3553228539104,rotation_period
TOI-5786b,TIC 40292751,6235.0,7.0,,12.286806268102223,vsini_derived,1353.2304255729464,rotation_period
HD108236e,TIC 260647166,5730.0,4.7,,11.948496208154477,not_needed,152.85,TESS_measured
GJ486b,TIC 390651552,3317.0,,49.9,49.9,catalog,1342.9844431075355,rotation_period
IRAS04125+2902b,TIC 56658270,4080.0,7.1,11.31,11.31,catalog,2115.686016627918,rotation_period
TOI-1386b,TIC 343019899,5793.0,,,17.34150617223621,gyro_derived,1139.063279788986,rotation_period
TOI-6255b,TIC 261135533,3421.0,,,,not_derived,3000.0,stellar_type
HAT-P-64b,TIC 455036659,6457.0,,,,not_derived,300.0,stellar_type
TOI-1246d,TIC 230127302,5151.0,1.0,38.0,38.0,catalog,1154.2256460957985,rotation_period
CoRoT-36b,TIC 405004589,6730.0,25.6,,3.7549293052794015,vsini_derived,1713.5169966780886,rotation_period
TOI-444b,TIC 179034327,5225.0,,13.0,13.0,not_needed,2563.01,TESS_measured
TOI-663c,TIC 54962195,3681.0,,30.0,30.0,catalog,1732.0508075688772,rotation_period
TOI-712b,TIC 150151262,4622.0,,12.454,12.454,not_needed,3364.8,TESS_measured
TOI-1136f,TIC 142276270,5770.0,6.7,,9.136896320529045,not_needed,9673.3,TESS_measured
TOI-1173b,TIC 232967440,5350.0,2.0,,29.533507125313363,vsini_derived,872.8382053026667,rotation_period
WASP-47b,TIC 102264230,5576.0,1.8,31.2,31.2,catalog,849.2077756084468,rotation_period
Kepler-105b,TIC 158625964,6397.0,,,,not_derived,300.0,stellar_type
TOI-1470c,TIC 284441182,3709.0,2.0,29.0,29.0,catalog,1761.6606585441104,rotation_period
TOI-1723b,TIC 71431780,5743.0,,,22.214781479688487,not_needed,126.38,TESS_measured
K2-333b,TIC 330690135,5880.0,,,,not_derived,200.0,stellar_type
KELT-14b,TIC 134537478,5802.0,7.7,,11.23552872644642,vsini_derived,1415.1240173334656,rotation_period
HD110067c,TIC 347332255,5266.0,2.5,,19.933536286721136,vsini_derived,1062.426961868538,rotation_period
TOI-4336Ab,TIC 166184428,3298.0,,,85.08674832861696,gyro_derived,1028.466834223877,rotation_period
HD191939d,TIC 269701147,5348.0,1.6,,37.154037336448816,vsini_derived,778.1946709802969,rotation_period
HD219134b,TIC 283722336,4699.0,0.4,,123.00357892662629,not_needed,52.067,TESS_measured
TOI-2364b,TIC 39414571,5306.0,,,26.306205981264572,gyro_derived,924.830514798053,rotation_period
TOI-2368b,TIC 401125028,5360.0,,,27.99367804854489,gyro_derived,896.5226729432229,rotation_period
TOI-2981b,TIC 287145649,5940.0,3.4,18.3,18.3,catalog,1108.8319064318591,rotation_period
NGTS-24b,TIC 151920165,5820.0,,,20.35867362024973,gyro_derived,1051.2754412901918,rotation_period
TOI-5076b,TIC 303432813,4780.0,2.3,57.0,57.0,catalog,942.4212936563148,rotation_period
NGTS-33b,TIC 97921547,7437.0,,0.6654,0.6654,catalog,4070.5013283404833,rotation_period
TOI-1224b,TIC 299798795,3326.0,22.1,1.23,1.23,not_needed,7633.2,TESS_measured
HD221416b,TIC 441462736,5080.0,2.8,,66.47071846879568,vsini_derived,872.7047335983459,rotation_period
K2-19b,TIC 281885301,5390.0,3.0,20.54,20.54,catalog,1046.624843856668,rotation_period
Kepler-91b,TIC 352011875,4550.0,6.8,,58.59084736411202,vsini_derived,929.5390272754285,rotation_period
TOI-2018b,TIC 357501308,4174.0,2.0,23.5,23.5,not_needed,488.26,TESS_measured
HAT-P-54b,TIC 284326455,4390.0,2.35,,16.60410396493539,vsini_derived,1746.1228519927513,rotation_period
TOI-1801b,TIC 119584412,3863.0,3.0,15.98,15.98,catalog,2373.191953901449,rotation_period
HD89345b,TIC 350020859,5622.0,2.6,,42.15250193392197,vsini_derived,730.5998531140211,rotation_period
HD260655b,TIC 307809773,3803.0,2.0,37.5,37.5,catalog,1549.1933384829665,rotation_period
55Cnce,TIC 332064670,5234.0,2.0,38.8,38.8,catalog,761.5096238502143,rotation_period
HD86226c,TIC 22221375,5863.0,,,18.955512808549784,gyro_derived,1089.4906062647372,rotation_period
Kepler-18d,TIC 273690178,5345.0,4.0,,17.517733348419274,vsini_derived,1133.3193487968917,rotation_period
KELT-4Ab,TIC 165297570,6206.0,6.0,,16.895864354702823,vsini_derived,1153.9873601895476,rotation_period
XO-3b,TIC 8400842,6429.0,18.54,,4.6970193864711165,vsini_derived,2188.6689800183462,rotation_period
HAT-P-13b,TIC 20096620,5653.0,2.9,,34.01925062060757,vsini_derived,813.2590179172065,rotation_period
WASP-19b,TIC 35516889,5616.0,4.0,10.5,10.5,not_needed,2005.3,TESS_measured
HAT-P-16b,TIC 191284318,6158.0,3.5,,22.351146108297723,vsini_derived,1003.3243682222821,rotation_period
HAT-P-32b,TIC 292152376,6001.0,20.7,,4.176344457923777,vsini_derived,2321.096001228591,rotation_period
WASP-67b,TIC 68952448,5200.0,2.1,,26.500954695906756,vsini_derived,921.4260776323999,rotation_period
WASP-185b,TIC 46020827,5900.0,2.8,,33.87906140101717,vsini_derived,814.9398857481483,rotation_period
LTT3780b,TIC 36724087,3360.0,3.0,104.0,104.0,catalog,930.2605094190635,rotation_period
TOI-2158b,TIC 342642208,5673.0,3.7,19.0,19.0,catalog,1088.2143751650176,rotation_period
HAT-P-41b,TIC 398895470,6390.0,19.6,,5.430329555991607,vsini_derived,2035.533084749768,rotation_period
HATS-2b,TIC 413376180,5227.0,1.5,22.46,22.46,catalog,1000.8900758326396,rotation_period
TOI-251b,TIC 224225541,5875.0,11.5,3.84,3.84,not_needed,8422.81,TESS_measured
HD1397b,TIC 394137592,5521.0,3.0,,49.243592180393996,vsini_derived,675.9528384595285,rotation_period
TOI-4010d,TIC 352682207,4960.0,1.3,37.7,37.7,catalog,1158.8089559053606,rotation_period
K2-138g,TIC 4610830,5356.3,,,22.73311339676507,gyro_derived,994.8596111026221,rotation_period
Kepler-25b,TIC 120960812,6267.0,8.89,,8.949051809444532,vsini_derived,1585.6332634047235,rotation_period
HD3167c,TIC 318707987,5286.0,1.8,23.52,23.52,catalog,978.0759955449395,rotation_period
HD101581b,TIC 397362481,4675.0,2.47,,16.13027376825756,vsini_derived,1771.5835903530296,rotation_period
WASP-99b,TIC 166836920,6150.0,6.8,,15.252220583673607,vsini_derived,1214.5760700350222,rotation_period
WASP-82b,TIC 452808876,6480.0,2.6,,51.079200266148945,not_needed,132.4,TESS_measured
HAT-P-55b,TIC 311408969,5808.0,1.8,,35.52031370888866,vsini_derived,795.8896603598143,rotation_period
WASP-141b,TIC 117979897,5900.0,3.9,,22.21539821099177,vsini_derived,1006.3851223652817,rotation_period
TOI-1453c,TIC 198390247,4975.0,2.0,,22.766729261483533,not_needed,230.0,TESS_measured
HATS-45b,TIC 4616072,6450.0,9.9,,8.400182092831324,vsini_derived,1636.6164378112587,rotation_period
WASP-147b,TIC 114749636,5702.0,0.3,,301.23755661722197,vsini_derived,273.29815566710886,rotation_period
HD110067b,TIC 347332255,5266.0,2.5,,19.933536286721136,vsini_derived,1062.426961868538,rotation_period
WASP-114b,TIC 466390120,5940.0,6.4,9.96,9.96,catalog,1503.0090301053795,rotation_period
GJ238b,TIC 260708537,3485.0,,44.0,44.0,catalog,1430.1938838683884,rotation_period
GPX-1b,TIC 245392284,7000.0,40.0,,2.466395669994049,vsini_derived,2114.2577170074183,rotation_period
TOI-1758b,TIC 367858035,5151.0,,,42.51301030912086,gyro_derived,1091.2432970606556,rotation_period
TOI-1794b,TIC 286916251,5631.0,,,37.56365153508775,gyro_derived,773.9401147098213,rotation_period
K2-25b,TIC 434226736,3207.0,8.8,1.878,1.878,catalog,6922.667309910687,rotation_period
HAT-P-56b,TIC 84339983,6566.0,40.06,,2.254319173004277,vsini_derived,2211.472772353834,rotation_period
WASP-120b,TIC 152476657,6450.0,15.1,,7.831821876190987,vsini_derived,1694.9615795795721,rotation_period
TOI-1194b,TIC 147950620,5446.0,2.4,,25.375416989361856,vsini_derived,941.6394938755358,rotation_period
HAT-P-19b,TIC 267650535,4990.0,0.7,35.5,35.5,catalog,1194.1760079771193,rotation_period
WASP-174b,TIC 102192004,6399.0,16.24,,5.245413299674727,vsini_derived,2071.101592130365,rotation_period
HAT-P-23b,TIC 305243225,5905.0,8.1,,9.39244694841039,vsini_derived,1547.7538169254342,rotation_period
WASP-190b,TIC 116156517,6400.0,13.3,,7.607929577772275,vsini_derived,1719.7210890968877,rotation_period
HAT-P-1b,TIC 346338552,5980.0,2.2,,33.74765170831018,vsini_derived,816.524987923255,rotation_period
WASP-97b,TIC 230982885,5640.0,1.1,,62.09107980404599,vsini_derived,601.9725013830713,rotation_period
Gliese12b,TIC 52005579,3296.0,2.0,85.0,85.0,catalog,1028.991510855053,rotation_period
WASP-177b,TIC 439842788,5017.0,1.8,,31.093449685822414,vsini_derived,1275.99233101722,rotation_period
WASP-63b,TIC 393414358,5550.0,2.8,,42.01003613726128,vsini_derived,731.8376215673081,rotation_period
TOI-544b,TIC 50618703,4169.0,,19.343,19.343,not_needed,761.0,TESS_measured
TOI-2768b,TIC 443556801,4008.0,,,,not_derived,1000.0,stellar_type
TOI-6086b,TIC 18318288,3200.0,,,45.86229182644353,gyro_derived,1400.8556239027594,rotation_period
XO-1b,TIC 236312126,5750.0,1.11,,50.13694131658034,vsini_derived,669.9036456516723,rotation_period
TOI-3362b,TIC 464300749,6532.0,20.0,,5.786543687293731,vsini_derived,1380.3196828702514,rotation_period
KELT-18b,TIC 293687315,6670.0,12.3,,9.810054072021357,vsini_derived,1060.116510787591,rotation_period
TOI-2128b,TIC 21832928,5968.0,,,16.468097113927488,gyro_derived,1168.878981571248,rotation_period
HAT-P-7b,TIC 424865156,6441.0,3.8,,30.621916550533406,vsini_derived,857.1860107147772,rotation_period
TOI-1259Ab,TIC 288735205,4775.0,,,40.95156792629207,not_needed,2037.1,TESS_measured
TOI-431d,TIC 31374837,4850.0,2.5,30.5,30.5,catalog,1288.3462522062034,rotation_period
K2-403b,TIC 365007485,5511.0,,,,not_derived,200.0,stellar_type
TOI-6324b,TIC 372207328,3247.0,2.0,,9.264793991131492,vsini_derived,3116.7600694972275,rotation_period
KOI-94d,TIC 273231214,6182.0,7.3,,13.167971262349685,vsini_derived,1307.1692533288247,rotation_period
TOI-3912b,TIC 156648452,5725.0,,,28.515058568521727,gyro_derived,888.2886747189382,rotation_period
KELT-12b,TIC 116242971,6279.0,,,,not_needed,186.6,TESS_measured
HAT-P-61b,TIC 259506033,5587.0,,,18.605963555022107,gyro_derived,1099.6770868740994,rotation_period
GJ1132b,TIC 101955023,3229.0,,122.3,122.3,not_needed,529.0,TESS_measured
HIP94235b,TIC 464646604,5991.0,24.4,2.24,2.24,catalog,3169.328455231937,rotation_period
WASP-195b,TIC 232567319,6300.0,,,,not_derived,300.0,stellar_type
KELT-19Ab,TIC 425206121,7500.0,84.8,,1.364750869644748,not_needed,275.64,TESS_measured
TOI-406.01,TIC 153065527,3392.0,,29.2,29.2,catalog,1755.6172079419584,rotation_period
WASP-166b,TIC 408310006,6050.0,5.1,12.1,12.1,catalog,1363.6363636363635,rotation_period
TOI-1420b,TIC 321857016,5510.0,2.0,,29.185682094929582,not_needed,490.6,TESS_measured
TOI-1710b,TIC 445805961,5730.0,2.3,22.5,22.5,not_needed,210.21,TESS_measured
K2-141b,TIC 301235044,4373.0,3.0,14.03,14.03,catalog,1899.5629163011308,rotation_period
TOI-3884b,TIC 86263325,3180.0,3.59,,5.319987803286929,vsini_derived,4113.068443147512,rotation_period
WASP-150b,TIC 321668398,6218.0,8.82,,11.837953518112027,vsini_derived,1378.646567488212,rotation_period
Kepler-5b,TIC 268823307,6297.0,4.8,,23.62311664689813,vsini_derived,975.9389739924874,rotation_period
HD332231b,TIC 199376584,6089.0,,,,not_needed,101.46,TESS_measured
Qatar-9b,TIC 149918151,4309.0,4.3,,10.236203854000346,vsini_derived,2223.8887351227245,rotation_period
TrES-3b,TIC 116264089,5650.0,1.5,,34.95114547735156,vsini_derived,802.3438945392106,rotation_period
TOI-1823b,TIC 142381532,4927.0,,,43.549655207857754,gyro_derived,1078.1772347183205,rotation_period
TOI-4515b,TIC 456862677,5433.0,3.4,15.5,15.5,catalog,1204.8289933537483,rotation_period
TOI-782b,TIC 429358906,3370.0,,65.257,65.257,not_needed,661.5,TESS_measured
WASP-32b,TIC 427332229,6100.0,4.8,11.6,11.6,catalog,1392.715036327889,rotation_period
TOI-3837b,TIC 308073360,5905.0,3.47,,21.87005692745776,vsini_derived,1014.2997123102881,rotation_period
HATS-68b,TIC 322307342,6147.0,7.42,,14.89826398213283,vsini_derived,1228.9194743460253,rotation_period
TOI-5344b,TIC 16005254,3770.0,2.0,,17.802317464187816,vsini_derived,2248.4487037921076,rotation_period
TOI-4377b,TIC 394918211,4974.0,1.26,,176.67303130604506,vsini_derived,535.300178014726,rotation_period
HD15337c,TIC 120896927,5131.0,1.0,36.528,36.528,not_needed,80.47,TESS_measured
HD152843b,TIC 349488688,6310.0,8.38,,10.791707386608806,vsini_derived,1443.9301291644322,rotation_period
WASP-194b,TIC 400432230,6405.0,,,,not_derived,300.0,stellar_type
TOI-836c,TIC 440887364,4552.0,1.86,21.987,21.987,not_needed,490.78,TESS_measured
TOI-5704b,TIC 148673433,4590.0,,,,not_needed,3579.7,TESS_measured
HD135694b,TIC 232540264,5710.0,,,32.89077172520549,gyro_derived,827.0927753247138,rotation_period
K2-261b,TIC 281731203,5490.0,1.3,,80.89972385010067,vsini_derived,527.3728155379576,rotation_period
KOI-12b,TIC 169461816,6820.0,60.0,,1.7180448470471368,vsini_derived,2533.2149998472723,rotation_period
WASP-68b,TIC 71841620,5911.0,2.3,,46.46832421727919,vsini_derived,695.8453888260503,rotation_period
TOI-3688Ab,TIC 245509452,5950.0,,,14.108687849809751,gyro_derived,1262.8388863844227,rotation_period
WASP-103b,TIC 276754403,6110.0,10.6,,8.56735409315785,vsini_derived,1620.5703941531606,rotation_period
GJ3090b,TIC 262530407,3556.0,1.468,,22.229095327969844,vsini_derived,2012.1500351070579,rotation_period
WASP-65b,TIC 444013020,5600.0,3.6,,17.742589933717873,vsini_derived,1126.1150208859485,rotation_period
